statement,connective,pattern,label,conj_a,conj_b
The city of Mukalla is in Yemen or the city of Nanning is in Japan.,or,TF,1,The city of Mukalla is in Yemen.,The city of Nanning is in Japan.
The city of Laibin is in China and the city of Batam is in Turkey.,and,TF,0,The city of Laibin is in China.,The city of Batam is in Turkey.
The city of Cancun is in Myanmar or the city of Grosszschocher is in China.,or,FF,0,The city of Cancun is in Myanmar.,The city of Grosszschocher is in China.
The city of Chaozhou is in China or the city of Boumerdes is in Algeria.,or,TT,1,The city of Chaozhou is in China.,The city of Boumerdes is in Algeria.
The city of Hamadan is in Iran or the city of Nagoya is in Japan.,or,TT,1,The city of Hamadan is in Iran.,The city of Nagoya is in Japan.
The city of Seongnam-si is in Russia and the city of Nuernberg is in Germany.,and,FT,0,The city of Seongnam-si is in Russia.,The city of Nuernberg is in Germany.
The city of Harare is in Zimbabwe or the city of Shangrao is in Russia.,or,TF,1,The city of Harare is in Zimbabwe.,The city of Shangrao is in Russia.
The city of Qom is in Vietnam and the city of Jiangmen is in South Korea.,and,FF,0,The city of Qom is in Vietnam.,The city of Jiangmen is in South Korea.
The city of Suizhou is in Japan or the city of Antalya is in Germany.,or,FF,0,The city of Suizhou is in Japan.,The city of Antalya is in Germany.
The city of Santo Domingo Este is in the Dominican Republic and the city of Zahedan is in Iran.,and,TT,1,The city of Santo Domingo Este is in the Dominican Republic.,The city of Zahedan is in Iran.
The city of Shubra al Khaymah is in Nigeria and the city of Meknes is in Morocco.,and,FT,0,The city of Shubra al Khaymah is in Nigeria.,The city of Meknes is in Morocco.
The city of Suwon is in Russia and the city of Porto Alegre is in Belarus.,and,FF,0,The city of Suwon is in Russia.,The city of Porto Alegre is in Belarus.
The city of Durban is in Ukraine or the city of Wuhan is in Egypt.,or,FF,0,The city of Durban is in Ukraine.,The city of Wuhan is in Egypt.
The city of Algiers is in Algeria and the city of Ufa is in Russia.,and,TT,1,The city of Algiers is in Algeria.,The city of Ufa is in Russia.
The city of Zhenjiang is in China and the city of Tangier is in Ecuador.,and,TF,0,The city of Zhenjiang is in China.,The city of Tangier is in Ecuador.
The city of Bucheon-si is in South Korea and the city of Cheongju-si is in South Korea.,and,TT,1,The city of Bucheon-si is in South Korea.,The city of Cheongju-si is in South Korea.
The city of Tyumen is in Russia or the city of E'zhou is in Malaysia.,or,TF,1,The city of Tyumen is in Russia.,The city of E'zhou is in Malaysia.
The city of Visakhapatnam is in India and the city of Wanzhou is in China.,and,TT,1,The city of Visakhapatnam is in India.,The city of Wanzhou is in China.
The city of Curitiba is in India or the city of Tiruppur is in Japan.,or,FF,0,The city of Curitiba is in India.,The city of Tiruppur is in Japan.
The city of Denpasar is in Indonesia and the city of Dehra Dun is in India.,and,TT,1,The city of Denpasar is in Indonesia.,The city of Dehra Dun is in India.
The city of New Kingston is in Jamaica or the city of Xinyang is in China.,or,TT,1,The city of New Kingston is in Jamaica.,The city of Xinyang is in China.
The city of Shenyang is in China and the city of Ghaziabad is in India.,and,TT,1,The city of Shenyang is in China.,The city of Ghaziabad is in India.
The city of Hannover is in Germany and the city of Huizhou is in the United States.,and,TF,0,The city of Hannover is in Germany.,The city of Huizhou is in the United States.
The city of Bhavnagar is in India or the city of Shanghai is in Mexico.,or,TF,1,The city of Bhavnagar is in India.,The city of Shanghai is in Mexico.
The city of Kobe is in Japan or the city of Porto Alegre is in Brazil.,or,TT,1,The city of Kobe is in Japan.,The city of Porto Alegre is in Brazil.
The city of Oyo is in China and the city of Nuernberg is in Germany.,and,FT,0,The city of Oyo is in China.,The city of Nuernberg is in Germany.
The city of Nyala is in Sudan or the city of Gujranwala is in China.,or,TF,1,The city of Nyala is in Sudan.,The city of Gujranwala is in China.
The city of Quetta is in Pakistan and the city of Thuan An is in Vietnam.,and,TT,1,The city of Quetta is in Pakistan.,The city of Thuan An is in Vietnam.
The city of Semarang is in Saudi Arabia or the city of Daejeon is in India.,or,FF,0,The city of Semarang is in Saudi Arabia.,The city of Daejeon is in India.
The city of Rahim Yar Khan is in Lithuania or the city of Wuzhou is in China.,or,FT,1,The city of Rahim Yar Khan is in Lithuania.,The city of Wuzhou is in China.
The city of Barranquilla is in Pakistan or the city of Aden is in Japan.,or,FF,0,The city of Barranquilla is in Pakistan.,The city of Aden is in Japan.
The city of Hamhung is in China and the city of Ribeirao Preto is in Brazil.,and,FT,0,The city of Hamhung is in China.,The city of Ribeirao Preto is in Brazil.
The city of Riga is in Latvia or the city of Jilin is in the United States.,or,TF,1,The city of Riga is in Latvia.,The city of Jilin is in the United States.
The city of Addis Ababa is in Ethiopia or the city of Calgary is in India.,or,TF,1,The city of Addis Ababa is in Ethiopia.,The city of Calgary is in India.
The city of Yichang is in Japan and the city of Managua is in Turkey.,and,FF,0,The city of Yichang is in Japan.,The city of Managua is in Turkey.
The city of Jiangmen is in China and the city of Mandalay is in Algeria.,and,TF,0,The city of Jiangmen is in China.,The city of Mandalay is in Algeria.
The city of Huzhou is in Germany or the city of Karaj is in India.,or,FF,0,The city of Huzhou is in Germany.,The city of Karaj is in India.
The city of Port-au-Prince is in South Korea or the city of Kisangani is in the Democratic Republic of the Congo.,or,FT,1,The city of Port-au-Prince is in South Korea.,The city of Kisangani is in the Democratic Republic of the Congo.
The city of Irkutsk is in Russia and the city of Sulaymaniyah is in Turkey.,and,TF,0,The city of Irkutsk is in Russia.,The city of Sulaymaniyah is in Turkey.
The city of Erode is in India and the city of Solapur is in India.,and,TT,1,The city of Erode is in India.,The city of Solapur is in India.
The city of Guilin is in the Dominican Republic or the city of Puducherry is in Brazil.,or,FF,0,The city of Guilin is in the Dominican Republic.,The city of Puducherry is in Brazil.
The city of Ludhiana is in Togo or the city of Latakia is in Syria.,or,FT,1,The city of Ludhiana is in Togo.,The city of Latakia is in Syria.
The city of Cixi is in Indonesia and the city of Bucheon-si is in South Korea.,and,FT,0,The city of Cixi is in Indonesia.,The city of Bucheon-si is in South Korea.
The city of Bhayandar is in China or the city of Kanpur is in India.,or,FT,1,The city of Bhayandar is in China.,The city of Kanpur is in India.
The city of Makhachkala is in Russia or the city of Xingtai is in Russia.,or,TF,1,The city of Makhachkala is in Russia.,The city of Xingtai is in Russia.
The city of Sao Bernardo do Campo is in Zambia and the city of Guayaquil is in China.,and,FF,0,The city of Sao Bernardo do Campo is in Zambia.,The city of Guayaquil is in China.
The city of Milwaukee is in China and the city of Antwerpen is in Japan.,and,FF,0,The city of Milwaukee is in China.,The city of Antwerpen is in Japan.
The city of Saint Petersburg is in Canada or the city of Rio de Janeiro is in Brazil.,or,FT,1,The city of Saint Petersburg is in Canada.,The city of Rio de Janeiro is in Brazil.
The city of Joao Pessoa is in South Africa and the city of Incheon is in India.,and,FF,0,The city of Joao Pessoa is in South Africa.,The city of Incheon is in India.
The city of Nanded is in China or the city of Zunyi is in China.,or,FT,1,The city of Nanded is in China.,The city of Zunyi is in China.
The city of Liaocheng is in China or the city of Jiaxing is in Ukraine.,or,TF,1,The city of Liaocheng is in China.,The city of Jiaxing is in Ukraine.
The city of Riga is in Japan and the city of Londrina is in Brazil.,and,FT,0,The city of Riga is in Japan.,The city of Londrina is in Brazil.
The city of Tebessa is in India or the city of Culiacan is in Mexico.,or,FT,1,The city of Tebessa is in India.,The city of Culiacan is in Mexico.
The city of Kayseri is in Turkey and the city of Lahore is in Pakistan.,and,TT,1,The city of Kayseri is in Turkey.,The city of Lahore is in Pakistan.
The city of Hebi is in China or the city of Neijiang is in Ghana.,or,TF,1,The city of Hebi is in China.,The city of Neijiang is in Ghana.
The city of Nagoya is in China and the city of Saratov is in Indonesia.,and,FF,0,The city of Nagoya is in China.,The city of Saratov is in Indonesia.
The city of Saint Petersburg is in Canada or the city of Qinhuangdao is in China.,or,FT,1,The city of Saint Petersburg is in Canada.,The city of Qinhuangdao is in China.
The city of Maturin is in Saudi Arabia and the city of Yangquan is in China.,and,FT,0,The city of Maturin is in Saudi Arabia.,The city of Yangquan is in China.
The city of Benoni is in South Africa and the city of Aligarh is in India.,and,TT,1,The city of Benoni is in South Africa.,The city of Aligarh is in India.
The city of Tiruchirappalli is in Iraq or the city of Guankou is in Pakistan.,or,FF,0,The city of Tiruchirappalli is in Iraq.,The city of Guankou is in Pakistan.
The city of Rajkot is in India or the city of Nanning is in China.,or,TT,1,The city of Rajkot is in India.,The city of Nanning is in China.
The city of Kampala is in Turkey or the city of Cuiaba is in Brazil.,or,FT,1,The city of Kampala is in Turkey.,The city of Cuiaba is in Brazil.
The city of Kyoto is in China or the city of Yunfu is in China.,or,FT,1,The city of Kyoto is in China.,The city of Yunfu is in China.
The city of Contagem is in Indonesia or the city of Kitakyushu is in Yemen.,or,FF,0,The city of Contagem is in Indonesia.,The city of Kitakyushu is in Yemen.
The city of Kumamoto is in Japan or the city of Serang is in Indonesia.,or,TT,1,The city of Kumamoto is in Japan.,The city of Serang is in Indonesia.
The city of Bikaner is in India and the city of Tucson is in the United States.,and,TT,1,The city of Bikaner is in India.,The city of Tucson is in the United States.
The city of Baotou is in Japan or the city of Shenzhen is in Mexico.,or,FF,0,The city of Baotou is in Japan.,The city of Shenzhen is in Mexico.
The city of Victoria de Durango is in Ghana and the city of Yangon is in Kenya.,and,FF,0,The city of Victoria de Durango is in Ghana.,The city of Yangon is in Kenya.
The city of Panshan is in Japan or the city of Xiaogan is in Ukraine.,or,FF,0,The city of Panshan is in Japan.,The city of Xiaogan is in Ukraine.
The city of Sofia is in South Korea and the city of Prayagraj is in India.,and,FT,0,The city of Sofia is in South Korea.,The city of Prayagraj is in India.
The city of Feira de Santana is in China and the city of Kawaguchi is in Indonesia.,and,FF,0,The city of Feira de Santana is in China.,The city of Kawaguchi is in Indonesia.
The city of Jinan is in China and the city of Tijuana is in the United Arab Emirates.,and,TF,0,The city of Jinan is in China.,The city of Tijuana is in the United Arab Emirates.
The city of Herat is in Afghanistan and the city of Quzhou is in China.,and,TT,1,The city of Herat is in Afghanistan.,The city of Quzhou is in China.
The city of Yiwu is in China or the city of E'zhou is in Malaysia.,or,TF,1,The city of Yiwu is in China.,The city of E'zhou is in Malaysia.
The city of Chaozhou is in China and the city of Lahore is in Pakistan.,and,TT,1,The city of Chaozhou is in China.,The city of Lahore is in Pakistan.
The city of Tanggu is in South Korea and the city of Yibin is in Brazil.,and,FF,0,The city of Tanggu is in South Korea.,The city of Yibin is in Brazil.
The city of Xianning is in Lebanon or the city of Aden is in Yemen.,or,FT,1,The city of Xianning is in Lebanon.,The city of Aden is in Yemen.
The city of Poznan is in Poland and the city of Liaocheng is in South Korea.,and,TF,0,The city of Poznan is in Poland.,The city of Liaocheng is in South Korea.
The city of Handan is in Russia and the city of Nyala is in Mozambique.,and,FF,0,The city of Handan is in Russia.,The city of Nyala is in Mozambique.
The city of Heze is in China and the city of Rio de Janeiro is in Brazil.,and,TT,1,The city of Heze is in China.,The city of Rio de Janeiro is in Brazil.
The city of Ipoh is in Brazil or the city of Oklahoma City is in the United States.,or,FT,1,The city of Ipoh is in Brazil.,The city of Oklahoma City is in the United States.
The city of Tembisa is in South Africa or the city of Guayaquil is in China.,or,TF,1,The city of Tembisa is in South Africa.,The city of Guayaquil is in China.
The city of Yerevan is in Armenia or the city of Amman is in Jordan.,or,TT,1,The city of Yerevan is in Armenia.,The city of Amman is in Jordan.
The city of Gold Coast is in Australia or the city of Santiago de Cuba is in India.,or,TF,1,The city of Gold Coast is in Australia.,The city of Santiago de Cuba is in India.
The city of Wuzhou is in Syria and the city of Konya is in Turkey.,and,FT,0,The city of Wuzhou is in Syria.,The city of Konya is in Turkey.
The city of Al Mahallah al Kubra is in Egypt or the city of Warri is in China.,or,TF,1,The city of Al Mahallah al Kubra is in Egypt.,The city of Warri is in China.
The city of Lu'an is in China and the city of San Miguel de Tucuman is in China.,and,TF,0,The city of Lu'an is in China.,The city of San Miguel de Tucuman is in China.
The city of Langfang is in India and the city of Jaboatao is in Brazil.,and,FT,0,The city of Langfang is in India.,The city of Jaboatao is in Brazil.
The city of Zaria is in India and the city of Jinan is in Rwanda.,and,FF,0,The city of Zaria is in India.,The city of Jinan is in Rwanda.
The city of Prayagraj is in India and the city of Chongqing is in China.,and,TT,1,The city of Prayagraj is in India.,The city of Chongqing is in China.
The city of Shantou is in Pakistan or the city of Baoji is in China.,or,FT,1,The city of Shantou is in Pakistan.,The city of Baoji is in China.
The city of Cixi is in China or the city of Bahcelievler is in Germany.,or,TF,1,The city of Cixi is in China.,The city of Bahcelievler is in Germany.
The city of Pontianak is in Indonesia or the city of The Bronx is in South Korea.,or,TF,1,The city of Pontianak is in Indonesia.,The city of The Bronx is in South Korea.
The city of Kalininskiy is in Japan and the city of Ghaziabad is in India.,and,FT,0,The city of Kalininskiy is in Japan.,The city of Ghaziabad is in India.
The city of Libreville is in the United States or the city of Huaibei is in Brazil.,or,FF,0,The city of Libreville is in the United States.,The city of Huaibei is in Brazil.
The city of Manaus is in Brazil or the city of Sao Bernardo do Campo is in Zambia.,or,TF,1,The city of Manaus is in Brazil.,The city of Sao Bernardo do Campo is in Zambia.
The city of Nay Pyi Taw is in Mozambique or the city of Benin City is in Nigeria.,or,FT,1,The city of Nay Pyi Taw is in Mozambique.,The city of Benin City is in Nigeria.
The city of Frankfurt am Main is in Germany and the city of Islamabad is in Japan.,and,TF,0,The city of Frankfurt am Main is in Germany.,The city of Islamabad is in Japan.
The city of Chizhou is in China or the city of Haiphong is in Vietnam.,or,TT,1,The city of Chizhou is in China.,The city of Haiphong is in Vietnam.
The city of Santo Domingo Oeste is in Zambia and the city of Kanpur is in India.,and,FT,0,The city of Santo Domingo Oeste is in Zambia.,The city of Kanpur is in India.
The city of Bengbu is in India or the city of Dandong is in Niger.,or,FF,0,The city of Bengbu is in India.,The city of Dandong is in Niger.
The city of Saint Petersburg is in Canada or the city of Tanggu is in South Korea.,or,FF,0,The city of Saint Petersburg is in Canada.,The city of Tanggu is in South Korea.
The city of Denpasar is in Indonesia and the city of Namangan is in India.,and,TF,0,The city of Denpasar is in Indonesia.,The city of Namangan is in India.
The city of Pasig City is in Morocco and the city of Volgograd is in Nigeria.,and,FF,0,The city of Pasig City is in Morocco.,The city of Volgograd is in Nigeria.
The city of Copenhagen is in Denmark or the city of Siping is in China.,or,TT,1,The city of Copenhagen is in Denmark.,The city of Siping is in China.
The city of Kimhae is in Senegal or the city of Laiwu is in China.,or,FT,1,The city of Kimhae is in Senegal.,The city of Laiwu is in China.
The city of Grosszschocher is in Germany and the city of Luancheng is in China.,and,TT,1,The city of Grosszschocher is in Germany.,The city of Luancheng is in China.
The city of Bishkek is in Germany or the city of Wuhan is in Egypt.,or,FF,0,The city of Bishkek is in Germany.,The city of Wuhan is in Egypt.
The city of Amritsar is in India and the city of Port Harcourt is in Nigeria.,and,TT,1,The city of Amritsar is in India.,The city of Port Harcourt is in Nigeria.
The city of Chengdu is in South Korea and the city of Feira de Santana is in Brazil.,and,FT,0,The city of Chengdu is in South Korea.,The city of Feira de Santana is in Brazil.
The city of Yaounde is in China and the city of Nanchang is in China.,and,FT,0,The city of Yaounde is in China.,The city of Nanchang is in China.
The city of Makassar is in China or the city of Indianapolis is in Côte d'Ivoire.,or,FF,0,The city of Makassar is in China.,The city of Indianapolis is in Côte d'Ivoire.
The city of Hangzhou is in Russia and the city of Ha'il is in Saudi Arabia.,and,FT,0,The city of Hangzhou is in Russia.,The city of Ha'il is in Saudi Arabia.
The city of Porto Velho is in Algeria or the city of South Tangerang is in Indonesia.,or,FT,1,The city of Porto Velho is in Algeria.,The city of South Tangerang is in Indonesia.
The city of Cucuta is in India and the city of Klang is in China.,and,FF,0,The city of Cucuta is in India.,The city of Klang is in China.
The city of Meizhou is in Russia and the city of Comilla is in China.,and,FF,0,The city of Meizhou is in Russia.,The city of Comilla is in China.
The city of Kumamoto is in Japan and the city of Yongzhou is in Ukraine.,and,TF,0,The city of Kumamoto is in Japan.,The city of Yongzhou is in Ukraine.
The city of Chizhou is in China or the city of Detroit is in China.,or,TF,1,The city of Chizhou is in China.,The city of Detroit is in China.
The city of Huainan is in China and the city of Jaboatao dos Guararapes is in Myanmar.,and,TF,0,The city of Huainan is in China.,The city of Jaboatao dos Guararapes is in Myanmar.
The city of Suining is in Algeria or the city of Hezhou is in China.,or,FT,1,The city of Suining is in Algeria.,The city of Hezhou is in China.
The city of Leon de los Aldama is in China or the city of Kunshan is in Russia.,or,FF,0,The city of Leon de los Aldama is in China.,The city of Kunshan is in Russia.
The city of Krasnodar is in South Africa or the city of Weifang is in China.,or,FT,1,The city of Krasnodar is in South Africa.,The city of Weifang is in China.
The city of Tangshan is in India and the city of Aktobe is in Afghanistan.,and,FF,0,The city of Tangshan is in India.,The city of Aktobe is in Afghanistan.
The city of Xuchang is in China and the city of Maturin is in Saudi Arabia.,and,TF,0,The city of Xuchang is in China.,The city of Maturin is in Saudi Arabia.
The city of Putian is in China and the city of Kano is in Nigeria.,and,TT,1,The city of Putian is in China.,The city of Kano is in Nigeria.
The city of Hanzhong is in Iran and the city of Nizhniy Novgorod is in Russia.,and,FT,0,The city of Hanzhong is in Iran.,The city of Nizhniy Novgorod is in Russia.
The city of Tanggu is in South Korea and the city of Cankaya is in Turkey.,and,FT,0,The city of Tanggu is in South Korea.,The city of Cankaya is in Turkey.
The city of Bikaner is in India or the city of Addis Ababa is in Ethiopia.,or,TT,1,The city of Bikaner is in India.,The city of Addis Ababa is in Ethiopia.
The city of Jaboatao is in Brazil or the city of Barnaul is in Russia.,or,TT,1,The city of Jaboatao is in Brazil.,The city of Barnaul is in Russia.
The city of Qingdao is in India and the city of Ryazan' is in Russia.,and,FT,0,The city of Qingdao is in India.,The city of Ryazan' is in Russia.
The city of Bamako is in Mali and the city of Tianjin is in Bangladesh.,and,TF,0,The city of Bamako is in Mali.,The city of Tianjin is in Bangladesh.
The city of Cancun is in Mexico and the city of Torreon is in India.,and,TF,0,The city of Cancun is in Mexico.,The city of Torreon is in India.
The city of Cebu City is in the Philippines and the city of Ribeirao Preto is in China.,and,TF,0,The city of Cebu City is in the Philippines.,The city of Ribeirao Preto is in China.
The city of Puning is in India or the city of Sanya is in China.,or,FT,1,The city of Puning is in India.,The city of Sanya is in China.
The city of Zhenjiang is in Germany and the city of New South Memphis is in the United States.,and,FT,0,The city of Zhenjiang is in Germany.,The city of New South Memphis is in the United States.
The city of Mudanjiang is in China or the city of Pasig City is in Morocco.,or,TF,1,The city of Mudanjiang is in China.,The city of Pasig City is in Morocco.
The city of Budapest is in Hungary or the city of Qionghai is in China.,or,TT,1,The city of Budapest is in Hungary.,The city of Qionghai is in China.
The city of Al Hudaydah is in South Korea and the city of Huaihua is in South Africa.,and,FF,0,The city of Al Hudaydah is in South Korea.,The city of Huaihua is in South Africa.
The city of Ganzhou is in South Korea or the city of Cebu City is in China.,or,FF,0,The city of Ganzhou is in South Korea.,The city of Cebu City is in China.
The city of Caracas is in Sudan or the city of Accra is in Ghana.,or,FT,1,The city of Caracas is in Sudan.,The city of Accra is in Ghana.
The city of Kharkiv is in Moldova or the city of Karaj is in Iran.,or,FT,1,The city of Kharkiv is in Moldova.,The city of Karaj is in Iran.
The city of The Bronx is in the United States or the city of Asmara is in Eritrea.,or,TT,1,The city of The Bronx is in the United States.,The city of Asmara is in Eritrea.
The city of Ya'an is in Morocco and the city of Bauchi is in Nigeria.,and,FT,0,The city of Ya'an is in Morocco.,The city of Bauchi is in Nigeria.
The city of Qiqihar is in India or the city of Jaboatao dos Guararapes is in Brazil.,or,FT,1,The city of Qiqihar is in India.,The city of Jaboatao dos Guararapes is in Brazil.
The city of Baghdad is in Iraq and the city of Panshan is in China.,and,TT,1,The city of Baghdad is in Iraq.,The city of Panshan is in China.
The city of Gujranwala is in China or the city of Volgograd is in Nigeria.,or,FF,0,The city of Gujranwala is in China.,The city of Volgograd is in Nigeria.
The city of Niamey is in Niger or the city of Zibo is in China.,or,TT,1,The city of Niamey is in Niger.,The city of Zibo is in China.
The city of Weinan is in China or the city of Xuanzhou is in China.,or,TT,1,The city of Weinan is in China.,The city of Xuanzhou is in China.
The city of Jabalpur is in Ukraine and the city of Chelyabinsk is in Russia.,and,FT,0,The city of Jabalpur is in Ukraine.,The city of Chelyabinsk is in Russia.
The city of Harbin is in China or the city of Battagram is in Pakistan.,or,TT,1,The city of Harbin is in China.,The city of Battagram is in Pakistan.
The city of Port Harcourt is in Nigeria and the city of Wuzhou is in Syria.,and,TF,0,The city of Port Harcourt is in Nigeria.,The city of Wuzhou is in Syria.
The city of Recife is in Brazil and the city of Ciudad Guayana is in South Africa.,and,TF,0,The city of Recife is in Brazil.,The city of Ciudad Guayana is in South Africa.
The city of Palembang is in Brazil or the city of Amman is in Malaysia.,or,FF,0,The city of Palembang is in Brazil.,The city of Amman is in Malaysia.
The city of Krasnoyarsk is in India and the city of Krakow is in Poland.,and,FT,0,The city of Krasnoyarsk is in India.,The city of Krakow is in Poland.
The city of Bishkek is in Kyrgyzstan or the city of Bouake is in China.,or,TF,1,The city of Bishkek is in Kyrgyzstan.,The city of Bouake is in China.
The city of Indianapolis is in Côte d'Ivoire or the city of Dushanbe is in Nigeria.,or,FF,0,The city of Indianapolis is in Côte d'Ivoire.,The city of Dushanbe is in Nigeria.
The city of Rajkot is in India and the city of Shihezi is in China.,and,TT,1,The city of Rajkot is in India.,The city of Shihezi is in China.
The city of Lu'an is in Turkey and the city of Laiwu is in the United States.,and,FF,0,The city of Lu'an is in Turkey.,The city of Laiwu is in the United States.
The city of Tonghua is in Venezuela and the city of Voronezh is in Romania.,and,FF,0,The city of Tonghua is in Venezuela.,The city of Voronezh is in Romania.
The city of Ganzhou is in South Korea or the city of Linyi is in China.,or,FT,1,The city of Ganzhou is in South Korea.,The city of Linyi is in China.
The city of Coyoacan is in Kenya or the city of Chengdu is in South Korea.,or,FF,0,The city of Coyoacan is in Kenya.,The city of Chengdu is in South Korea.
The city of Qinhuangdao is in China or the city of Sambhaji Nagar is in India.,or,TT,1,The city of Qinhuangdao is in China.,The city of Sambhaji Nagar is in India.
The city of Agadir is in Morocco and the city of Nanded is in India.,and,TT,1,The city of Agadir is in Morocco.,The city of Nanded is in India.
The city of Bucaramanga is in Colombia and the city of Penza is in China.,and,TF,0,The city of Bucaramanga is in Colombia.,The city of Penza is in China.
The city of Nowrangapur is in Vietnam and the city of Ciudad Guayana is in South Africa.,and,FF,0,The city of Nowrangapur is in Vietnam.,The city of Ciudad Guayana is in South Africa.
The city of Kumasi is in India and the city of Shivaji Nagar is in India.,and,FT,0,The city of Kumasi is in India.,The city of Shivaji Nagar is in India.
The city of Al Mawsil al Jadidah is in Iraq and the city of Anshun is in Brazil.,and,TF,0,The city of Al Mawsil al Jadidah is in Iraq.,The city of Anshun is in Brazil.
The city of Puning is in India or the city of Warri is in China.,or,FF,0,The city of Puning is in India.,The city of Warri is in China.
The city of Tabriz is in Iran or the city of Harbin is in Russia.,or,TF,1,The city of Tabriz is in Iran.,The city of Harbin is in Russia.
The city of Duque de Caxias is in Côte d'Ivoire or the city of Saitama is in India.,or,FF,0,The city of Duque de Caxias is in Côte d'Ivoire.,The city of Saitama is in India.
The city of Shiraz is in China or the city of Samarkand is in China.,or,FF,0,The city of Shiraz is in China.,The city of Samarkand is in China.
The city of Tanggu is in China and the city of Chiclayo is in Venezuela.,and,TF,0,The city of Tanggu is in China.,The city of Chiclayo is in Venezuela.
The city of Kyiv is in Ukraine or the city of Muscat is in Bangladesh.,or,TF,1,The city of Kyiv is in Ukraine.,The city of Muscat is in Bangladesh.
The city of Weinan is in China and the city of Kumamoto is in Japan.,and,TT,1,The city of Weinan is in China.,The city of Kumamoto is in Japan.
The city of Jiaozhou is in China or the city of Anshun is in Brazil.,or,TF,1,The city of Jiaozhou is in China.,The city of Anshun is in Brazil.
The city of Torreon is in Mexico and the city of Guiyang is in South Korea.,and,TF,0,The city of Torreon is in Mexico.,The city of Guiyang is in South Korea.
The city of Nanjing is in China or the city of Ecatepec de Morelos is in India.,or,TF,1,The city of Nanjing is in China.,The city of Ecatepec de Morelos is in India.
The city of Nagoya is in Japan and the city of Baotou is in China.,and,TT,1,The city of Nagoya is in Japan.,The city of Baotou is in China.
The city of Suizhou is in China or the city of Cotonou is in China.,or,TF,1,The city of Suizhou is in China.,The city of Cotonou is in China.
The city of Jambi City is in China or the city of Londrina is in India.,or,FF,0,The city of Jambi City is in China.,The city of Londrina is in India.
The city of Osaka is in Japan or the city of Fuxin is in Pakistan.,or,TF,1,The city of Osaka is in Japan.,The city of Fuxin is in Pakistan.
The city of Langfang is in India or the city of Jaboatao is in Syria.,or,FF,0,The city of Langfang is in India.,The city of Jaboatao is in Syria.
The city of Zibo is in India or the city of Theni is in India.,or,FT,1,The city of Zibo is in India.,The city of Theni is in India.
The city of Mumbai is in India or the city of Acapulco de Juarez is in Morocco.,or,TF,1,The city of Mumbai is in India.,The city of Acapulco de Juarez is in Morocco.
The city of Kayseri is in Turkey and the city of Phnom Penh is in Cambodia.,and,TT,1,The city of Kayseri is in Turkey.,The city of Phnom Penh is in Cambodia.
The city of Kobe is in Japan and the city of Bouake is in China.,and,TF,0,The city of Kobe is in Japan.,The city of Bouake is in China.
The city of Hengyang is in Turkey or the city of Fukuoka is in Japan.,or,FT,1,The city of Hengyang is in Turkey.,The city of Fukuoka is in Japan.
The city of Tabriz is in India and the city of Latakia is in Somalia.,and,FF,0,The city of Tabriz is in India.,The city of Latakia is in Somalia.
The city of Kolkata is in India and the city of Kagoshima is in India.,and,TF,0,The city of Kolkata is in India.,The city of Kagoshima is in India.
The city of Chennai is in China and the city of Niigata is in Yemen.,and,FF,0,The city of Chennai is in China.,The city of Niigata is in Yemen.
The city of Tembisa is in the Philippines and the city of Bauchi is in Iran.,and,FF,0,The city of Tembisa is in the Philippines.,The city of Bauchi is in Iran.
The city of Baotou is in China and the city of Pingliang is in Tanzania.,and,TF,0,The city of Baotou is in China.,The city of Pingliang is in Tanzania.
The city of Kagoshima is in India or the city of Langfang is in China.,or,FT,1,The city of Kagoshima is in India.,The city of Langfang is in China.
The city of Da Nang is in China and the city of Shangluo is in China.,and,FT,0,The city of Da Nang is in China.,The city of Shangluo is in China.
The city of Goeteborg is in Sweden or the city of Guangyuan is in China.,or,TT,1,The city of Goeteborg is in Sweden.,The city of Guangyuan is in China.
The city of Gaziantep is in Turkey and the city of Zhenjiang is in China.,and,TT,1,The city of Gaziantep is in Turkey.,The city of Zhenjiang is in China.
The city of Maracaibo is in Russia and the city of Baghdad is in Iraq.,and,FT,0,The city of Maracaibo is in Russia.,The city of Baghdad is in Iraq.
The city of Mogadishu is in Iran and the city of Jeddah is in Myanmar.,and,FF,0,The city of Mogadishu is in Iran.,The city of Jeddah is in Myanmar.
The city of Rangpur is in Russia and the city of Nanchong is in China.,and,FT,0,The city of Rangpur is in Russia.,The city of Nanchong is in China.
The city of Dombivli is in India and the city of Caloocan City is in China.,and,TF,0,The city of Dombivli is in India.,The city of Caloocan City is in China.
The city of Tianjin is in China and the city of Antwerpen is in Japan.,and,TF,0,The city of Tianjin is in China.,The city of Antwerpen is in Japan.
The city of Zaozhuang is in China and the city of Erzurum is in Turkey.,and,TT,1,The city of Zaozhuang is in China.,The city of Erzurum is in Turkey.
The city of Makhachkala is in Russia or the city of Muscat is in Oman.,or,TT,1,The city of Makhachkala is in Russia.,The city of Muscat is in Oman.
The city of Samarkand is in China or the city of Bhubaneswar is in China.,or,FF,0,The city of Samarkand is in China.,The city of Bhubaneswar is in China.
The city of Sevastopol is in Ukraine and the city of Mumbai is in China.,and,TF,0,The city of Sevastopol is in Ukraine.,The city of Mumbai is in China.
The city of Hamhung is in North Korea and the city of Qiqihar is in India.,and,TF,0,The city of Hamhung is in North Korea.,The city of Qiqihar is in India.
The city of Ningbo is in South Korea or the city of Poznan is in Mexico.,or,FF,0,The city of Ningbo is in South Korea.,The city of Poznan is in Mexico.
The city of Karbala is in Iraq and the city of Kahriz is in Iran.,and,TT,1,The city of Karbala is in Iraq.,The city of Kahriz is in Iran.
The city of Heze is in Yemen or the city of Sanmenxia is in China.,or,FT,1,The city of Heze is in Yemen.,The city of Sanmenxia is in China.
The city of Gwalior is in India or the city of Shiraz is in China.,or,TF,1,The city of Gwalior is in India.,The city of Shiraz is in China.
The city of Zunyi is in Senegal and the city of Cancun is in Mexico.,and,FT,0,The city of Zunyi is in Senegal.,The city of Cancun is in Mexico.
The city of Anyang-si is in Iraq or the city of Sanya is in India.,or,FF,0,The city of Anyang-si is in Iraq.,The city of Sanya is in India.
The city of Benxi is in Brazil and the city of Karachi is in India.,and,FF,0,The city of Benxi is in Brazil.,The city of Karachi is in India.
The city of Kakamega is in Russia and the city of Kumamoto is in Japan.,and,FT,0,The city of Kakamega is in Russia.,The city of Kumamoto is in Japan.
The city of Anyang is in China and the city of Guigang is in China.,and,TT,1,The city of Anyang is in China.,The city of Guigang is in China.
The city of Conakry is in Belarus and the city of Tanggu is in China.,and,FT,0,The city of Conakry is in Belarus.,The city of Tanggu is in China.
The city of Abeokuta is in Nigeria and the city of Novokuznetsk is in Russia.,and,TT,1,The city of Abeokuta is in Nigeria.,The city of Novokuznetsk is in Russia.
The city of Erbil is in Iraq or the city of Nizhniy Novgorod is in China.,or,TF,1,The city of Erbil is in Iraq.,The city of Nizhniy Novgorod is in China.
The city of Karachi is in India and the city of Tianshui is in China.,and,FT,0,The city of Karachi is in India.,The city of Tianshui is in China.
The city of Dammam is in Russia and the city of Jiaozhou is in Latvia.,and,FF,0,The city of Dammam is in Russia.,The city of Jiaozhou is in Latvia.
The city of Abuja is in Nigeria or the city of Sargodha is in Pakistan.,or,TT,1,The city of Abuja is in Nigeria.,The city of Sargodha is in Pakistan.
The city of Zibo is in China and the city of Lu'an is in China.,and,TT,1,The city of Zibo is in China.,The city of Lu'an is in China.
The city of Quzhou is in China and the city of Arequipa is in Peru.,and,TT,1,The city of Quzhou is in China.,The city of Arequipa is in Peru.
The city of Omsk is in China or the city of Ashgabat is in Bangladesh.,or,FF,0,The city of Omsk is in China.,The city of Ashgabat is in Bangladesh.
The city of Zhabei is in China or the city of Liupanshui is in China.,or,TT,1,The city of Zhabei is in China.,The city of Liupanshui is in China.
The city of San Miguel de Tucuman is in China and the city of Asyut is in Japan.,and,FF,0,The city of San Miguel de Tucuman is in China.,The city of Asyut is in Japan.
The city of Haiphong is in Vietnam and the city of Meizhou is in Russia.,and,TF,0,The city of Haiphong is in Vietnam.,The city of Meizhou is in Russia.
The city of Jieyang is in the Philippines or the city of Kalininskiy is in Russia.,or,FT,1,The city of Jieyang is in the Philippines.,The city of Kalininskiy is in Russia.
The city of Surakarta is in Indonesia or the city of Foshan is in China.,or,TT,1,The city of Surakarta is in Indonesia.,The city of Foshan is in China.
The city of Xining is in China or the city of Ziyang is in China.,or,TT,1,The city of Xining is in China.,The city of Ziyang is in China.
The city of Amman is in Malaysia and the city of Belo Horizonte is in Brazil.,and,FT,0,The city of Amman is in Malaysia.,The city of Belo Horizonte is in Brazil.
The city of Porto Velho is in Brazil and the city of Jakarta is in Indonesia.,and,TT,1,The city of Porto Velho is in Brazil.,The city of Jakarta is in Indonesia.
The city of Contagem is in Brazil or the city of Zhangjiagang is in Brazil.,or,TF,1,The city of Contagem is in Brazil.,The city of Zhangjiagang is in Brazil.
The city of Zarqa is in India and the city of Callao is in Peru.,and,FT,0,The city of Zarqa is in India.,The city of Callao is in Peru.
The city of Guankou is in China or the city of Zhaoqing is in Brazil.,or,TF,1,The city of Guankou is in China.,The city of Zhaoqing is in Brazil.
The city of Aleppo is in Syria or the city of Ebute Ikorodu is in China.,or,TF,1,The city of Aleppo is in Syria.,The city of Ebute Ikorodu is in China.
The city of Port Harcourt is in Eritrea or the city of Bhubaneswar is in India.,or,FT,1,The city of Port Harcourt is in Eritrea.,The city of Bhubaneswar is in India.
The city of Kisangani is in the Democratic Republic of the Congo or the city of Yekaterinburg is in Russia.,or,TT,1,The city of Kisangani is in the Democratic Republic of the Congo.,The city of Yekaterinburg is in Russia.
The city of Santiago de los Caballeros is in India or the city of Bokaro is in China.,or,FF,0,The city of Santiago de los Caballeros is in India.,The city of Bokaro is in China.
The city of Surat is in Burkina Faso or the city of Samarinda is in Iraq.,or,FF,0,The city of Surat is in Burkina Faso.,The city of Samarinda is in Iraq.
The city of Thane is in China or the city of Mexicali is in Mexico.,or,FT,1,The city of Thane is in China.,The city of Mexicali is in Mexico.
The city of Tianshui is in Canada and the city of Tegucigalpa is in Honduras.,and,FT,0,The city of Tianshui is in Canada.,The city of Tegucigalpa is in Honduras.
The city of Sanya is in India and the city of Orenburg is in Malaysia.,and,FF,0,The city of Sanya is in India.,The city of Orenburg is in Malaysia.
The city of Marseille is in France or the city of Sendai is in Brazil.,or,TF,1,The city of Marseille is in France.,The city of Sendai is in Brazil.
The city of Asuncion is in Paraguay or the city of Jiangyin is in China.,or,TT,1,The city of Asuncion is in Paraguay.,The city of Jiangyin is in China.
The city of Gold Coast is in Australia and the city of Amman is in Jordan.,and,TT,1,The city of Gold Coast is in Australia.,The city of Amman is in Jordan.
The city of Acapulco de Juarez is in Morocco or the city of Salta is in Argentina.,or,FT,1,The city of Acapulco de Juarez is in Morocco.,The city of Salta is in Argentina.
The city of Kozhikode is in the United States and the city of Zaria is in India.,and,FF,0,The city of Kozhikode is in the United States.,The city of Zaria is in India.
The city of Rohini is in India or the city of Guwahati is in India.,or,TT,1,The city of Rohini is in India.,The city of Guwahati is in India.
The city of Taiz is in Burkina Faso or the city of Maracay is in China.,or,FF,0,The city of Taiz is in Burkina Faso.,The city of Maracay is in China.
The city of Liupanshui is in the Philippines or the city of Helsinki is in Pakistan.,or,FF,0,The city of Liupanshui is in the Philippines.,The city of Helsinki is in Pakistan.
The city of Brazzaville is in the Republic of the Congo or the city of Aleppo is in China.,or,TF,1,The city of Brazzaville is in the Republic of the Congo.,The city of Aleppo is in China.
The city of Maceio is in China and the city of Weinan is in Colombia.,and,FF,0,The city of Maceio is in China.,The city of Weinan is in Colombia.
The city of Maceio is in China or the city of Porto Velho is in Algeria.,or,FF,0,The city of Maceio is in China.,The city of Porto Velho is in Algeria.
The city of Rangpur is in Bangladesh or the city of Yaroslavl is in Russia.,or,TT,1,The city of Rangpur is in Bangladesh.,The city of Yaroslavl is in Russia.
The city of Bien Hoa is in South Korea and the city of Lusaka is in Zambia.,and,FT,0,The city of Bien Hoa is in South Korea.,The city of Lusaka is in Zambia.
The city of Mysore is in India and the city of Lahore is in Pakistan.,and,TT,1,The city of Mysore is in India.,The city of Lahore is in Pakistan.
The city of Lusaka is in Zambia and the city of Jiaozuo is in Bangladesh.,and,TF,0,The city of Lusaka is in Zambia.,The city of Jiaozuo is in Bangladesh.
The city of Tehran is in Iran or the city of Juiz de Fora is in India.,or,TF,1,The city of Tehran is in Iran.,The city of Juiz de Fora is in India.
The city of Pingliang is in China or the city of Dandong is in Niger.,or,TF,1,The city of Pingliang is in China.,The city of Dandong is in Niger.
The city of Zagreb is in Japan and the city of Baotou is in China.,and,FT,0,The city of Zagreb is in Japan.,The city of Baotou is in China.
The city of Ulsan is in South Africa and the city of Kaifeng is in Mexico.,and,FF,0,The city of Ulsan is in South Africa.,The city of Kaifeng is in Mexico.
The city of Nanchang is in China or the city of Ulan Bator is in Mongolia.,or,TT,1,The city of Nanchang is in China.,The city of Ulan Bator is in Mongolia.
The city of Yichang is in China and the city of Jos is in Nigeria.,and,TT,1,The city of Yichang is in China.,The city of Jos is in Nigeria.
The city of Xuzhou is in Mexico and the city of Zapopan is in Mexico.,and,FT,0,The city of Xuzhou is in Mexico.,The city of Zapopan is in Mexico.
The city of Ciudad Juarez is in India and the city of Guang'an is in Germany.,and,FF,0,The city of Ciudad Juarez is in India.,The city of Guang'an is in Germany.
The city of Shanghai is in China or the city of Lome is in Yemen.,or,TF,1,The city of Shanghai is in China.,The city of Lome is in Yemen.
The city of Krasnoyarsk is in Russia and the city of Jaboatao is in Brazil.,and,TT,1,The city of Krasnoyarsk is in Russia.,The city of Jaboatao is in Brazil.
The city of Borivli is in India and the city of Chelyabinsk is in China.,and,TF,0,The city of Borivli is in India.,The city of Chelyabinsk is in China.
The city of Lusaka is in Poland and the city of Laiwu is in the United States.,and,FF,0,The city of Lusaka is in Poland.,The city of Laiwu is in the United States.
The city of Balikpapan is in Japan and the city of Ma'anshan is in India.,and,FF,0,The city of Balikpapan is in Japan.,The city of Ma'anshan is in India.
The city of Handan is in China or the city of Kampung Baru Subang is in the Philippines.,or,TF,1,The city of Handan is in China.,The city of Kampung Baru Subang is in the Philippines.
The city of Jeonju is in the United States or the city of Stockholm is in Russia.,or,FF,0,The city of Jeonju is in the United States.,The city of Stockholm is in Russia.
The city of Jiaozuo is in China and the city of Panshan is in China.,and,TT,1,The city of Jiaozuo is in China.,The city of Panshan is in China.
The city of Hefei is in Germany or the city of Luohe is in China.,or,FT,1,The city of Hefei is in Germany.,The city of Luohe is in China.
The city of Port Said is in Egypt and the city of Qinhuangdao is in China.,and,TT,1,The city of Port Said is in Egypt.,The city of Qinhuangdao is in China.
The city of Lahore is in China or the city of Anyang is in Kuwait.,or,FF,0,The city of Lahore is in China.,The city of Anyang is in Kuwait.
The city of Visakhapatnam is in Indonesia and the city of Abobo is in Côte d'Ivoire.,and,FT,0,The city of Visakhapatnam is in Indonesia.,The city of Abobo is in Côte d'Ivoire.
The city of Zhenjiang is in Germany and the city of Nanning is in China.,and,FT,0,The city of Zhenjiang is in Germany.,The city of Nanning is in China.
The city of Jaipur is in China or the city of Bursa is in Turkey.,or,FT,1,The city of Jaipur is in China.,The city of Bursa is in Turkey.
The city of Abidjan is in China or the city of Guwahati is in China.,or,FF,0,The city of Abidjan is in China.,The city of Guwahati is in China.
The city of Asuncion is in Nigeria and the city of Huzhou is in Germany.,and,FF,0,The city of Asuncion is in Nigeria.,The city of Huzhou is in Germany.
The city of Jeonju is in South Korea and the city of Novokuznetsk is in China.,and,TF,0,The city of Jeonju is in South Korea.,The city of Novokuznetsk is in China.
The city of Hubli is in Indonesia or the city of Harare is in Zimbabwe.,or,FT,1,The city of Hubli is in Indonesia.,The city of Harare is in Zimbabwe.
The city of Soweto is in South Africa and the city of Maoming is in China.,and,TT,1,The city of Soweto is in South Africa.,The city of Maoming is in China.
The city of Herat is in Afghanistan or the city of Ma'anshan is in India.,or,TF,1,The city of Herat is in Afghanistan.,The city of Ma'anshan is in India.
The city of Malacca is in China and the city of Zhuzhou is in France.,and,FF,0,The city of Malacca is in China.,The city of Zhuzhou is in France.
The city of Shenyang is in China or the city of Denpasar is in Indonesia.,or,TT,1,The city of Shenyang is in China.,The city of Denpasar is in Indonesia.
The city of Petaling Jaya is in Bosnia and Herzegovina or the city of Mudanjiang is in Turkey.,or,FF,0,The city of Petaling Jaya is in Bosnia and Herzegovina.,The city of Mudanjiang is in Turkey.
The city of Nagoya is in Japan or the city of Managua is in Turkey.,or,TF,1,The city of Nagoya is in Japan.,The city of Managua is in Turkey.
The city of Barranquilla is in Colombia or the city of Shangluo is in China.,or,TT,1,The city of Barranquilla is in Colombia.,The city of Shangluo is in China.
The city of Chandigarh is in India or the city of Khabarovsk Vtoroy is in China.,or,TF,1,The city of Chandigarh is in India.,The city of Khabarovsk Vtoroy is in China.
The city of Varanasi is in India or the city of Semarang is in Saudi Arabia.,or,TF,1,The city of Varanasi is in India.,The city of Semarang is in Saudi Arabia.
The city of Lilongwe is in Turkey and the city of Baku is in Azerbaijan.,and,FT,0,The city of Lilongwe is in Turkey.,The city of Baku is in Azerbaijan.
The city of Nay Pyi Taw is in Mozambique or the city of Jinan is in China.,or,FT,1,The city of Nay Pyi Taw is in Mozambique.,The city of Jinan is in China.
The city of Changde is in China and the city of Warangal is in Yemen.,and,TF,0,The city of Changde is in China.,The city of Warangal is in Yemen.
The city of Huangshi is in China and the city of Khabarovsk Vtoroy is in Russia.,and,TT,1,The city of Huangshi is in China.,The city of Khabarovsk Vtoroy is in Russia.
The city of Ajmer is in Russia and the city of Aracaju is in Russia.,and,FF,0,The city of Ajmer is in Russia.,The city of Aracaju is in Russia.
The city of Amman is in Jordan and the city of Boumerdes is in Iran.,and,TF,0,The city of Amman is in Jordan.,The city of Boumerdes is in Iran.
The city of Korla is in Azerbaijan and the city of Kisangani is in China.,and,FF,0,The city of Korla is in Azerbaijan.,The city of Kisangani is in China.
The city of Santo Domingo Oeste is in the Dominican Republic and the city of Sevastopol is in Pakistan.,and,TF,0,The city of Santo Domingo Oeste is in the Dominican Republic.,The city of Sevastopol is in Pakistan.
The city of Kolkata is in Japan and the city of Wuhan is in China.,and,FT,0,The city of Kolkata is in Japan.,The city of Wuhan is in China.
The city of Rui'an is in Indonesia and the city of Langfang is in China.,and,FT,0,The city of Rui'an is in Indonesia.,The city of Langfang is in China.
The city of Jieyang is in China or the city of Boumerdes is in Iran.,or,TF,1,The city of Jieyang is in China.,The city of Boumerdes is in Iran.
The city of Kota Kinabalu is in the United States and the city of Maputo is in Japan.,and,FF,0,The city of Kota Kinabalu is in the United States.,The city of Maputo is in Japan.
The city of Joao Pessoa is in South Africa or the city of Port Harcourt is in Nigeria.,or,FT,1,The city of Joao Pessoa is in South Africa.,The city of Port Harcourt is in Nigeria.
The city of Accra is in China and the city of Tolyatti is in Ghana.,and,FF,0,The city of Accra is in China.,The city of Tolyatti is in Ghana.
The city of Puente Alto is in Chile or the city of Ilorin is in Ukraine.,or,TF,1,The city of Puente Alto is in Chile.,The city of Ilorin is in Ukraine.
The city of Abobo is in Côte d'Ivoire and the city of Beira is in Mozambique.,and,TT,1,The city of Abobo is in Côte d'Ivoire.,The city of Beira is in Mozambique.
The city of Manaus is in Brazil and the city of Zunyi is in China.,and,TT,1,The city of Manaus is in Brazil.,The city of Zunyi is in China.
The city of Malacca is in Malaysia and the city of Faridabad is in India.,and,TT,1,The city of Malacca is in Malaysia.,The city of Faridabad is in India.
The city of Xianyang is in Russia or the city of Hengyang is in China.,or,FT,1,The city of Xianyang is in Russia.,The city of Hengyang is in China.
The city of Dar es Salaam is in Tanzania or the city of Pikine is in Senegal.,or,TT,1,The city of Dar es Salaam is in Tanzania.,The city of Pikine is in Senegal.
The city of Duque de Caxias is in Côte d'Ivoire or the city of Shangluo is in China.,or,FT,1,The city of Duque de Caxias is in Côte d'Ivoire.,The city of Shangluo is in China.
The city of Battagram is in Tanzania or the city of Lome is in Togo.,or,FT,1,The city of Battagram is in Tanzania.,The city of Lome is in Togo.
The city of Mexicali is in South Africa and the city of Winnipeg is in Canada.,and,FT,0,The city of Mexicali is in South Africa.,The city of Winnipeg is in Canada.
The city of Bucaramanga is in Colombia and the city of Dar es Salaam is in Tanzania.,and,TT,1,The city of Bucaramanga is in Colombia.,The city of Dar es Salaam is in Tanzania.
The city of Comilla is in China or the city of Huaibei is in Brazil.,or,FF,0,The city of Comilla is in China.,The city of Huaibei is in Brazil.
The city of Las Pinas is in Yemen and the city of Albuquerque is in the United States.,and,FT,0,The city of Las Pinas is in Yemen.,The city of Albuquerque is in the United States.
The city of Lianyungang is in the Philippines or the city of Antananarivo is in Madagascar.,or,FT,1,The city of Lianyungang is in the Philippines.,The city of Antananarivo is in Madagascar.
The city of New York City is in India and the city of Battagram is in Tanzania.,and,FF,0,The city of New York City is in India.,The city of Battagram is in Tanzania.
The city of Kano is in Nigeria and the city of Oyo is in Nigeria.,and,TT,1,The city of Kano is in Nigeria.,The city of Oyo is in Nigeria.
The city of Tokyo is in Pakistan and the city of Zaria is in India.,and,FF,0,The city of Tokyo is in Pakistan.,The city of Zaria is in India.
The city of Pingdingshan is in South Africa and the city of Rizhao is in Iraq.,and,FF,0,The city of Pingdingshan is in South Africa.,The city of Rizhao is in Iraq.
The city of Jos is in India and the city of Tlaquepaque is in Japan.,and,FF,0,The city of Jos is in India.,The city of Tlaquepaque is in Japan.
The city of Belo Horizonte is in Brazil or the city of Guayaquil is in Ecuador.,or,TT,1,The city of Belo Horizonte is in Brazil.,The city of Guayaquil is in Ecuador.
The city of Jeonju is in the United States and the city of San Miguel de Tucuman is in China.,and,FF,0,The city of Jeonju is in the United States.,The city of San Miguel de Tucuman is in China.
The city of Sanming is in Bulgaria or the city of Qujing is in India.,or,FF,0,The city of Sanming is in Bulgaria.,The city of Qujing is in India.
The city of Nouakchott is in China and the city of Rajkot is in India.,and,FT,0,The city of Nouakchott is in China.,The city of Rajkot is in India.
The city of Jakarta is in Indonesia and the city of Bandar Lampung is in South Africa.,and,TF,0,The city of Jakarta is in Indonesia.,The city of Bandar Lampung is in South Africa.
The city of Xiangtan is in Brazil or the city of Zhaoqing is in China.,or,FT,1,The city of Xiangtan is in Brazil.,The city of Zhaoqing is in China.
The city of Puning is in China and the city of Aparecida de Goiania is in China.,and,TF,0,The city of Puning is in China.,The city of Aparecida de Goiania is in China.
The city of Meknes is in China and the city of Niamey is in China.,and,FF,0,The city of Meknes is in China.,The city of Niamey is in China.
The city of Karachi is in Pakistan and the city of Oklahoma City is in the United States.,and,TT,1,The city of Karachi is in Pakistan.,The city of Oklahoma City is in the United States.
The city of Feira de Santana is in China and the city of Malatya is in Russia.,and,FF,0,The city of Feira de Santana is in China.,The city of Malatya is in Russia.
The city of Fushun is in China or the city of Durban is in South Africa.,or,TT,1,The city of Fushun is in China.,The city of Durban is in South Africa.
The city of Sulaymaniyah is in Iraq or the city of Volgograd is in Russia.,or,TT,1,The city of Sulaymaniyah is in Iraq.,The city of Volgograd is in Russia.
The city of Konya is in Russia and the city of Balikpapan is in Indonesia.,and,FT,0,The city of Konya is in Russia.,The city of Balikpapan is in Indonesia.
The city of N'Djamena is in Chad and the city of Karbala is in Turkey.,and,TF,0,The city of N'Djamena is in Chad.,The city of Karbala is in Turkey.
The city of Jinan is in Rwanda or the city of Sapporo is in Mexico.,or,FF,0,The city of Jinan is in Rwanda.,The city of Sapporo is in Mexico.
The city of Aguascalientes is in Mexico and the city of Abobo is in India.,and,TF,0,The city of Aguascalientes is in Mexico.,The city of Abobo is in India.
The city of Bulawayo is in Zimbabwe and the city of Xinyang is in Japan.,and,TF,0,The city of Bulawayo is in Zimbabwe.,The city of Xinyang is in Japan.
The city of Zhangjiakou is in China or the city of Benin City is in Nigeria.,or,TT,1,The city of Zhangjiakou is in China.,The city of Benin City is in Nigeria.
The city of Enugu is in Nigeria and the city of Siping is in Iraq.,and,TF,0,The city of Enugu is in Nigeria.,The city of Siping is in Iraq.
The city of Munich is in Germany or the city of Jiaozhou is in China.,or,TT,1,The city of Munich is in Germany.,The city of Jiaozhou is in China.
The city of Shaoguan is in China or the city of Chaozhou is in China.,or,TT,1,The city of Shaoguan is in China.,The city of Chaozhou is in China.
The city of Taiz is in Yemen or the city of Battagram is in Tanzania.,or,TF,1,The city of Taiz is in Yemen.,The city of Battagram is in Tanzania.
The city of Suwon is in South Korea and the city of Guarulhos is in China.,and,TF,0,The city of Suwon is in South Korea.,The city of Guarulhos is in China.
The city of Pasig City is in Morocco and the city of Kagoshima is in Japan.,and,FT,0,The city of Pasig City is in Morocco.,The city of Kagoshima is in Japan.
The city of Al Hudaydah is in South Korea and the city of Dandong is in Niger.,and,FF,0,The city of Al Hudaydah is in South Korea.,The city of Dandong is in Niger.
The city of Lusaka is in Zambia or the city of Albuquerque is in the United States.,or,TT,1,The city of Lusaka is in Zambia.,The city of Albuquerque is in the United States.
The city of Hohhot is in Indonesia and the city of Chenzhou is in China.,and,FT,0,The city of Hohhot is in Indonesia.,The city of Chenzhou is in China.
The city of South Tangerang is in Indonesia and the city of Panzhihua is in Iran.,and,TF,0,The city of South Tangerang is in Indonesia.,The city of Panzhihua is in Iran.
The city of San Pedro Sula is in India or the city of Arequipa is in India.,or,FF,0,The city of San Pedro Sula is in India.,The city of Arequipa is in India.
The city of Balikpapan is in Japan and the city of Shaoguan is in Pakistan.,and,FF,0,The city of Balikpapan is in Japan.,The city of Shaoguan is in Pakistan.
The city of Chizhou is in China or the city of Nizhniy Novgorod is in China.,or,TF,1,The city of Chizhou is in China.,The city of Nizhniy Novgorod is in China.
The city of Lubumbashi is in the Democratic Republic of the Congo or the city of Liupanshui is in the Philippines.,or,TF,1,The city of Lubumbashi is in the Democratic Republic of the Congo.,The city of Liupanshui is in the Philippines.
The city of Belo Horizonte is in North Korea or the city of Foshan is in Mozambique.,or,FF,0,The city of Belo Horizonte is in North Korea.,The city of Foshan is in Mozambique.
The city of Qinhuangdao is in China or the city of Frankfurt am Main is in Vietnam.,or,TF,1,The city of Qinhuangdao is in China.,The city of Frankfurt am Main is in Vietnam.
The city of Novokuznetsk is in China and the city of Shivaji Nagar is in China.,and,FF,0,The city of Novokuznetsk is in China.,The city of Shivaji Nagar is in China.
The city of Wuzhou is in Syria and the city of Varanasi is in India.,and,FT,0,The city of Wuzhou is in Syria.,The city of Varanasi is in India.
The city of Yaounde is in Cameroon or the city of Indore is in Turkey.,or,TF,1,The city of Yaounde is in Cameroon.,The city of Indore is in Turkey.
The city of Dnipro is in Russia and the city of Erbil is in Iraq.,and,FT,0,The city of Dnipro is in Russia.,The city of Erbil is in Iraq.
The city of Port-au-Prince is in South Korea or the city of Gaziantep is in Mexico.,or,FF,0,The city of Port-au-Prince is in South Korea.,The city of Gaziantep is in Mexico.
The city of Lubumbashi is in India or the city of Seattle is in Yemen.,or,FF,0,The city of Lubumbashi is in India.,The city of Seattle is in Yemen.
The city of Kakamega is in Kenya and the city of Chennai is in China.,and,TF,0,The city of Kakamega is in Kenya.,The city of Chennai is in China.
The city of Baoji is in China or the city of Bareilly is in Mozambique.,or,TF,1,The city of Baoji is in China.,The city of Bareilly is in Mozambique.
The city of Frankfurt am Main is in Germany and the city of Palembang is in Brazil.,and,TF,0,The city of Frankfurt am Main is in Germany.,The city of Palembang is in Brazil.
The city of Bucaramanga is in Brazil and the city of Krasnodar is in Russia.,and,FT,0,The city of Bucaramanga is in Brazil.,The city of Krasnodar is in Russia.
The city of Chisinau is in Moldova and the city of Pontianak is in India.,and,TF,0,The city of Chisinau is in Moldova.,The city of Pontianak is in India.
The city of Rohini is in India or the city of Wanzhou is in China.,or,TT,1,The city of Rohini is in India.,The city of Wanzhou is in China.
The city of Sokoto is in Nigeria and the city of Jos is in Nigeria.,and,TT,1,The city of Sokoto is in Nigeria.,The city of Jos is in Nigeria.
The city of Laibin is in Ethiopia and the city of Sangli is in Japan.,and,FF,0,The city of Laibin is in Ethiopia.,The city of Sangli is in Japan.
The city of Kryvyy Rih is in Ukraine or the city of Dnipro is in Russia.,or,TF,1,The city of Kryvyy Rih is in Ukraine.,The city of Dnipro is in Russia.
The city of Macapa is in China or the city of Huangshi is in China.,or,FT,1,The city of Macapa is in China.,The city of Huangshi is in China.
The city of Torreon is in India or the city of Irkutsk is in Morocco.,or,FF,0,The city of Torreon is in India.,The city of Irkutsk is in Morocco.
The city of Rohini is in Russia or the city of Xuanzhou is in Tanzania.,or,FF,0,The city of Rohini is in Russia.,The city of Xuanzhou is in Tanzania.
The city of Kleinzschocher is in Germany and the city of Luzhou is in Peru.,and,TF,0,The city of Kleinzschocher is in Germany.,The city of Luzhou is in Peru.
The city of Ipoh is in Malaysia or the city of Batam is in Indonesia.,or,TT,1,The city of Ipoh is in Malaysia.,The city of Batam is in Indonesia.
The city of Karaj is in India and the city of Barnaul is in Russia.,and,FT,0,The city of Karaj is in India.,The city of Barnaul is in Russia.
The city of Huaibei is in Brazil or the city of Dar es Salaam is in Italy.,or,FF,0,The city of Huaibei is in Brazil.,The city of Dar es Salaam is in Italy.
The city of Huangshi is in China or the city of Seoul is in Nicaragua.,or,TF,1,The city of Huangshi is in China.,The city of Seoul is in Nicaragua.
The city of Cangzhou is in China or the city of Dammam is in Saudi Arabia.,or,TT,1,The city of Cangzhou is in China.,The city of Dammam is in Saudi Arabia.
The city of Banjarmasin is in South Korea or the city of Astrakhan is in India.,or,FF,0,The city of Banjarmasin is in South Korea.,The city of Astrakhan is in India.
The city of Zhuzhou is in China or the city of Faisalabad is in Pakistan.,or,TT,1,The city of Zhuzhou is in China.,The city of Faisalabad is in Pakistan.
The city of Tebessa is in India and the city of Wuwei is in India.,and,FF,0,The city of Tebessa is in India.,The city of Wuwei is in India.
The city of Shangrao is in Russia or the city of Bhopal is in Russia.,or,FF,0,The city of Shangrao is in Russia.,The city of Bhopal is in Russia.
The city of Krasnodar is in Russia or the city of Chennai is in India.,or,TT,1,The city of Krasnodar is in Russia.,The city of Chennai is in India.
The city of Istanbul is in Turkey and the city of Lome is in Yemen.,and,TF,0,The city of Istanbul is in Turkey.,The city of Lome is in Yemen.
The city of Baotou is in Japan or the city of Kota Bharu is in Malaysia.,or,FT,1,The city of Baotou is in Japan.,The city of Kota Bharu is in Malaysia.
The city of Wuzhou is in China or the city of Krasnoyarsk is in Russia.,or,TT,1,The city of Wuzhou is in China.,The city of Krasnoyarsk is in Russia.
The city of Kashgar is in China and the city of Ansan-si is in South Korea.,and,TT,1,The city of Kashgar is in China.,The city of Ansan-si is in South Korea.
The city of Maputo is in Mozambique or the city of Busan is in Brazil.,or,TF,1,The city of Maputo is in Mozambique.,The city of Busan is in Brazil.
The city of Arequipa is in India and the city of Tianshui is in Canada.,and,FF,0,The city of Arequipa is in India.,The city of Tianshui is in Canada.
The city of Karbala is in Iraq or the city of Pasig City is in Morocco.,or,TF,1,The city of Karbala is in Iraq.,The city of Pasig City is in Morocco.
The city of Kota Bharu is in Malaysia and the city of Dushanbe is in Nigeria.,and,TF,0,The city of Kota Bharu is in Malaysia.,The city of Dushanbe is in Nigeria.
The city of Lu'an is in Turkey and the city of Fukuoka is in Japan.,and,FT,0,The city of Lu'an is in Turkey.,The city of Fukuoka is in Japan.
The city of Dombivli is in Mali and the city of Sanya is in India.,and,FF,0,The city of Dombivli is in Mali.,The city of Sanya is in India.
The city of Dushanbe is in Nigeria or the city of Mogadishu is in Somalia.,or,FT,1,The city of Dushanbe is in Nigeria.,The city of Mogadishu is in Somalia.
The city of Maceio is in China and the city of Zaozhuang is in China.,and,FT,0,The city of Maceio is in China.,The city of Zaozhuang is in China.
The city of Baku is in Azerbaijan and the city of Ghaziabad is in South Korea.,and,TF,0,The city of Baku is in Azerbaijan.,The city of Ghaziabad is in South Korea.
The city of Mombasa is in India or the city of Kagoshima is in India.,or,FF,0,The city of Mombasa is in India.,The city of Kagoshima is in India.
The city of Indianapolis is in the United States or the city of Kathmandu is in Nepal.,or,TT,1,The city of Indianapolis is in the United States.,The city of Kathmandu is in Nepal.
The city of Kozhikode is in India or the city of Ciudad Guayana is in South Africa.,or,TF,1,The city of Kozhikode is in India.,The city of Ciudad Guayana is in South Africa.
The city of Tangier is in Morocco and the city of Rajkot is in India.,and,TT,1,The city of Tangier is in Morocco.,The city of Rajkot is in India.
The city of Chuzhou is in India and the city of Mbuji-Mayi is in Pakistan.,and,FF,0,The city of Chuzhou is in India.,The city of Mbuji-Mayi is in Pakistan.
The city of Port-au-Prince is in South Korea or the city of Bhayandar is in India.,or,FT,1,The city of Port-au-Prince is in South Korea.,The city of Bhayandar is in India.
The city of Can Tho is in Vietnam and the city of Odesa is in Ukraine.,and,TT,1,The city of Can Tho is in Vietnam.,The city of Odesa is in Ukraine.
The city of Daegu is in South Korea and the city of Jiujiang is in China.,and,TT,1,The city of Daegu is in South Korea.,The city of Jiujiang is in China.
The city of Lubumbashi is in India and the city of Guankou is in China.,and,FT,0,The city of Lubumbashi is in India.,The city of Guankou is in China.
The city of Nova Iguacu is in Brazil or the city of Manaus is in Brazil.,or,TT,1,The city of Nova Iguacu is in Brazil.,The city of Manaus is in Brazil.
The city of Pyongyang is in North Korea or the city of Sarajevo is in South Africa.,or,TF,1,The city of Pyongyang is in North Korea.,The city of Sarajevo is in South Africa.
The city of Mysore is in India and the city of Daegu is in the United States.,and,TF,0,The city of Mysore is in India.,The city of Daegu is in the United States.
The city of Guarulhos is in Brazil or the city of Vladivostok is in Russia.,or,TT,1,The city of Guarulhos is in Brazil.,The city of Vladivostok is in Russia.
The city of Karol Bagh is in India and the city of Victoria de Durango is in Ghana.,and,TF,0,The city of Karol Bagh is in India.,The city of Victoria de Durango is in Ghana.
The city of Libreville is in Gabon or the city of Nova Iguacu is in India.,or,TF,1,The city of Libreville is in Gabon.,The city of Nova Iguacu is in India.
The city of Pune is in South Korea and the city of Ranchi is in Venezuela.,and,FF,0,The city of Pune is in South Korea.,The city of Ranchi is in Venezuela.
The city of Ha'il is in China and the city of Lipetsk is in China.,and,FF,0,The city of Ha'il is in China.,The city of Lipetsk is in China.
The city of Port-au-Prince is in South Korea and the city of Nay Pyi Taw is in Mozambique.,and,FF,0,The city of Port-au-Prince is in South Korea.,The city of Nay Pyi Taw is in Mozambique.
The city of Saitama is in India or the city of Krasnoyarsk is in India.,or,FF,0,The city of Saitama is in India.,The city of Krasnoyarsk is in India.
The city of Krasnodar is in South Africa or the city of Abuja is in Nigeria.,or,FT,1,The city of Krasnodar is in South Africa.,The city of Abuja is in Nigeria.
The city of Xinyang is in Japan or the city of Al Ain City is in the United Arab Emirates.,or,FT,1,The city of Xinyang is in Japan.,The city of Al Ain City is in the United Arab Emirates.
The city of Benin City is in Nigeria and the city of Makhachkala is in Russia.,and,TT,1,The city of Benin City is in Nigeria.,The city of Makhachkala is in Russia.
The city of Sevastopol is in Pakistan and the city of Jilin is in China.,and,FT,0,The city of Sevastopol is in Pakistan.,The city of Jilin is in China.
The city of Mexicali is in Mexico and the city of Qinzhou is in India.,and,TF,0,The city of Mexicali is in Mexico.,The city of Qinzhou is in India.
The city of Zaporizhzhya is in South Korea and the city of Taicang is in China.,and,FT,0,The city of Zaporizhzhya is in South Korea.,The city of Taicang is in China.
The city of Nouakchott is in Mauritania and the city of New Kingston is in South Africa.,and,TF,0,The city of Nouakchott is in Mauritania.,The city of New Kingston is in South Africa.
The city of Sorocaba is in Brazil or the city of Yiwu is in China.,or,TT,1,The city of Sorocaba is in Brazil.,The city of Yiwu is in China.
The city of Yingkou is in the Philippines and the city of Turin is in China.,and,FF,0,The city of Yingkou is in the Philippines.,The city of Turin is in China.
The city of Ipoh is in Brazil or the city of Qingdao is in India.,or,FF,0,The city of Ipoh is in Brazil.,The city of Qingdao is in India.
The city of Shangrao is in China and the city of Jieyang is in China.,and,TT,1,The city of Shangrao is in China.,The city of Jieyang is in China.
The city of Tangerang is in Indonesia or the city of Kyoto is in Japan.,or,TT,1,The city of Tangerang is in Indonesia.,The city of Kyoto is in Japan.
The city of Jilin is in the United States and the city of Ibadan is in Nigeria.,and,FT,0,The city of Jilin is in the United States.,The city of Ibadan is in Nigeria.
The city of Huaibei is in Brazil and the city of Hanzhong is in China.,and,FT,0,The city of Huaibei is in Brazil.,The city of Hanzhong is in China.
The city of Rourkela is in Brazil and the city of Frankfurt am Main is in Germany.,and,FT,0,The city of Rourkela is in Brazil.,The city of Frankfurt am Main is in Germany.
The city of Quebec is in Canada or the city of Xuzhou is in Mexico.,or,TF,1,The city of Quebec is in Canada.,The city of Xuzhou is in Mexico.
The city of Jiamusi is in Germany and the city of Orenburg is in Russia.,and,FT,0,The city of Jiamusi is in Germany.,The city of Orenburg is in Russia.
The city of Jambi City is in Indonesia or the city of Orumiyeh is in Saudi Arabia.,or,TF,1,The city of Jambi City is in Indonesia.,The city of Orumiyeh is in Saudi Arabia.
The city of Oyo is in China and the city of Lviv is in Ukraine.,and,FT,0,The city of Oyo is in China.,The city of Lviv is in Ukraine.
The city of Wanzhou is in India or the city of Leon de los Aldama is in China.,or,FF,0,The city of Wanzhou is in India.,The city of Leon de los Aldama is in China.
The city of Tiruchirappalli is in India or the city of Thuan An is in Mozambique.,or,TF,1,The city of Tiruchirappalli is in India.,The city of Thuan An is in Mozambique.
The city of Bareilly is in India or the city of Rajshahi is in Bangladesh.,or,TT,1,The city of Bareilly is in India.,The city of Rajshahi is in Bangladesh.
The city of Cheonan is in Myanmar and the city of Caracas is in Venezuela.,and,FT,0,The city of Cheonan is in Myanmar.,The city of Caracas is in Venezuela.
The city of Aligarh is in India and the city of Managua is in Nicaragua.,and,TT,1,The city of Aligarh is in India.,The city of Managua is in Nicaragua.
The city of Qionghai is in China and the city of Santo Domingo Este is in India.,and,TF,0,The city of Qionghai is in China.,The city of Santo Domingo Este is in India.
The city of Beijing is in China and the city of Asansol is in India.,and,TT,1,The city of Beijing is in China.,The city of Asansol is in India.
The city of Kryvyy Rih is in Ukraine or the city of Krasnodar is in South Africa.,or,TF,1,The city of Kryvyy Rih is in Ukraine.,The city of Krasnodar is in South Africa.
The city of Rawalpindi is in Brazil and the city of Dombivli is in India.,and,FT,0,The city of Rawalpindi is in Brazil.,The city of Dombivli is in India.
The city of Bogor is in South Korea or the city of Feira de Santana is in Brazil.,or,FT,1,The city of Bogor is in South Korea.,The city of Feira de Santana is in Brazil.
The city of Yingkou is in China and the city of Lome is in Togo.,and,TT,1,The city of Yingkou is in China.,The city of Lome is in Togo.
The city of Sarajevo is in South Africa or the city of Astrakhan is in India.,or,FF,0,The city of Sarajevo is in South Africa.,The city of Astrakhan is in India.
The city of Antananarivo is in Madagascar or the city of Ahvaz is in Iran.,or,TT,1,The city of Antananarivo is in Madagascar.,The city of Ahvaz is in Iran.
The city of Odesa is in China and the city of Anqing is in Brazil.,and,FF,0,The city of Odesa is in China.,The city of Anqing is in Brazil.
The city of Kalininskiy is in Japan or the city of Recife is in North Korea.,or,FF,0,The city of Kalininskiy is in Japan.,The city of Recife is in North Korea.
The city of Cangzhou is in Germany and the city of Cheongju-si is in South Korea.,and,FT,0,The city of Cangzhou is in Germany.,The city of Cheongju-si is in South Korea.
The city of Sanmenxia is in China and the city of Wenzhou is in China.,and,TT,1,The city of Sanmenxia is in China.,The city of Wenzhou is in China.
The city of Liaocheng is in China and the city of Niamey is in Niger.,and,TT,1,The city of Liaocheng is in China.,The city of Niamey is in Niger.
The city of Brasilia is in Brazil or the city of Yangon is in Myanmar.,or,TT,1,The city of Brasilia is in Brazil.,The city of Yangon is in Myanmar.
The city of Mar del Plata is in Nigeria or the city of Pikine is in Senegal.,or,FT,1,The city of Mar del Plata is in Nigeria.,The city of Pikine is in Senegal.
The city of Yongzhou is in Ukraine or the city of Kaifeng is in Mexico.,or,FF,0,The city of Yongzhou is in Ukraine.,The city of Kaifeng is in Mexico.
The city of Benin City is in Nigeria or the city of Kampala is in Uganda.,or,TT,1,The city of Benin City is in Nigeria.,The city of Kampala is in Uganda.
The city of Nagoya is in China or the city of Mukalla is in Yemen.,or,FT,1,The city of Nagoya is in China.,The city of Mukalla is in Yemen.
The city of Changchun is in China or the city of Bikaner is in India.,or,TT,1,The city of Changchun is in China.,The city of Bikaner is in India.
The city of Quetta is in Pakistan or the city of Shaoxing is in the Philippines.,or,TF,1,The city of Quetta is in Pakistan.,The city of Shaoxing is in the Philippines.
The city of Florianopolis is in Brazil or the city of Lome is in Togo.,or,TT,1,The city of Florianopolis is in Brazil.,The city of Lome is in Togo.
The city of Yibin is in Brazil and the city of Dongying is in China.,and,FT,0,The city of Yibin is in Brazil.,The city of Dongying is in China.
The city of Yinchuan is in Bangladesh or the city of Surakarta is in Indonesia.,or,FT,1,The city of Yinchuan is in Bangladesh.,The city of Surakarta is in Indonesia.
The city of Sendai is in Brazil and the city of Bucheon-si is in South Korea.,and,FT,0,The city of Sendai is in Brazil.,The city of Bucheon-si is in South Korea.
The city of Yinchuan is in Bangladesh or the city of Siliguri is in India.,or,FT,1,The city of Yinchuan is in Bangladesh.,The city of Siliguri is in India.
The city of Abidjan is in China and the city of Saratov is in Russia.,and,FT,0,The city of Abidjan is in China.,The city of Saratov is in Russia.
The city of Goiania is in China and the city of Kaduna is in Nigeria.,and,FT,0,The city of Goiania is in China.,The city of Kaduna is in Nigeria.
The city of Barquisimeto is in Poland and the city of Makhachkala is in Indonesia.,and,FF,0,The city of Barquisimeto is in Poland.,The city of Makhachkala is in Indonesia.
The city of Recife is in North Korea or the city of Thane is in India.,or,FT,1,The city of Recife is in North Korea.,The city of Thane is in India.
The city of Samarkand is in Uzbekistan or the city of Yichang is in China.,or,TT,1,The city of Samarkand is in Uzbekistan.,The city of Yichang is in China.
The city of Handan is in China or the city of Lome is in Yemen.,or,TF,1,The city of Handan is in China.,The city of Lome is in Yemen.
The city of Kinshasa is in the Democratic Republic of the Congo or the city of Shubra al Khaymah is in Nigeria.,or,TF,1,The city of Kinshasa is in the Democratic Republic of the Congo.,The city of Shubra al Khaymah is in Nigeria.
The city of Zhangye is in China or the city of Guayaquil is in China.,or,TF,1,The city of Zhangye is in China.,The city of Guayaquil is in China.
The city of Lodz is in the Dominican Republic or the city of Saitama is in India.,or,FF,0,The city of Lodz is in the Dominican Republic.,The city of Saitama is in India.
The city of Zunyi is in Senegal and the city of Semarang is in Saudi Arabia.,and,FF,0,The city of Zunyi is in Senegal.,The city of Semarang is in Saudi Arabia.
The city of Nowrangapur is in Vietnam and the city of Kampung Baru Subang is in Malaysia.,and,FT,0,The city of Nowrangapur is in Vietnam.,The city of Kampung Baru Subang is in Malaysia.
The city of Deyang is in Japan or the city of Nanning is in Japan.,or,FF,0,The city of Deyang is in Japan.,The city of Nanning is in Japan.
The city of Banjarmasin is in Indonesia and the city of Fes is in Morocco.,and,TT,1,The city of Banjarmasin is in Indonesia.,The city of Fes is in Morocco.
The city of Qinzhou is in India and the city of Ya'an is in China.,and,FT,0,The city of Qinzhou is in India.,The city of Ya'an is in China.
The city of Quezon City is in China or the city of Amravati is in China.,or,FF,0,The city of Quezon City is in China.,The city of Amravati is in China.
The city of Huainan is in Egypt and the city of Ha'il is in China.,and,FF,0,The city of Huainan is in Egypt.,The city of Ha'il is in China.
The city of Jakarta is in Indonesia and the city of Sambhaji Nagar is in India.,and,TT,1,The city of Jakarta is in Indonesia.,The city of Sambhaji Nagar is in India.
The city of Sambhaji Nagar is in China or the city of Yerevan is in Armenia.,or,FT,1,The city of Sambhaji Nagar is in China.,The city of Yerevan is in Armenia.
The city of Chenzhou is in Brazil or the city of Santiago de Cuba is in India.,or,FF,0,The city of Chenzhou is in Brazil.,The city of Santiago de Cuba is in India.
The city of Arak is in Iran or the city of Bilimora is in India.,or,TT,1,The city of Arak is in Iran.,The city of Bilimora is in India.
The city of Shenzhen is in China and the city of Oklahoma City is in the United States.,and,TT,1,The city of Shenzhen is in China.,The city of Oklahoma City is in the United States.
The city of Feira de Santana is in Brazil or the city of Bobo-Dioulasso is in China.,or,TF,1,The city of Feira de Santana is in Brazil.,The city of Bobo-Dioulasso is in China.
The city of Suwon is in South Korea and the city of Istanbul is in Turkey.,and,TT,1,The city of Suwon is in South Korea.,The city of Istanbul is in Turkey.
The city of Panzhihua is in Iran and the city of Hegang is in China.,and,FT,0,The city of Panzhihua is in Iran.,The city of Hegang is in China.
The city of Budapest is in Iraq or the city of Chisinau is in Moldova.,or,FT,1,The city of Budapest is in Iraq.,The city of Chisinau is in Moldova.
The city of Nagpur is in India or the city of Navi Mumbai is in India.,or,TT,1,The city of Nagpur is in India.,The city of Navi Mumbai is in India.
The city of Lviv is in Ukraine or the city of Jingmen is in China.,or,TT,1,The city of Lviv is in Ukraine.,The city of Jingmen is in China.
The city of Vilnius is in Lithuania or the city of Jabalpur is in India.,or,TT,1,The city of Vilnius is in Lithuania.,The city of Jabalpur is in India.
The city of Lahore is in Pakistan or the city of Dhanbad is in India.,or,TT,1,The city of Lahore is in Pakistan.,The city of Dhanbad is in India.
The city of Amman is in Jordan and the city of Tehran is in Niger.,and,TF,0,The city of Amman is in Jordan.,The city of Tehran is in Niger.
The city of Kalyan is in South Korea and the city of Jiaozhou is in Latvia.,and,FF,0,The city of Kalyan is in South Korea.,The city of Jiaozhou is in Latvia.
The city of Shangluo is in Honduras and the city of Yibin is in China.,and,FT,0,The city of Shangluo is in Honduras.,The city of Yibin is in China.
The city of Hamhung is in North Korea or the city of Chelyabinsk is in China.,or,TF,1,The city of Hamhung is in North Korea.,The city of Chelyabinsk is in China.
The city of Hangzhou is in Russia or the city of Rio de Janeiro is in Brazil.,or,FT,1,The city of Hangzhou is in Russia.,The city of Rio de Janeiro is in Brazil.
The city of Maceio is in Brazil or the city of Serang is in Poland.,or,TF,1,The city of Maceio is in Brazil.,The city of Serang is in Poland.
The city of Eskisehir is in China and the city of Dhanbad is in India.,and,FT,0,The city of Eskisehir is in China.,The city of Dhanbad is in India.
The city of Kampala is in Turkey and the city of Davao is in Brazil.,and,FF,0,The city of Kampala is in Turkey.,The city of Davao is in Brazil.
The city of Hangzhou is in Russia or the city of Vijayawada is in Nigeria.,or,FF,0,The city of Hangzhou is in Russia.,The city of Vijayawada is in Nigeria.
The city of Benoni is in South Africa and the city of Las Pinas is in the Philippines.,and,TT,1,The city of Benoni is in South Africa.,The city of Las Pinas is in the Philippines.
The city of Bareilly is in Mozambique and the city of Aden is in Japan.,and,FF,0,The city of Bareilly is in Mozambique.,The city of Aden is in Japan.
The city of Jiaxing is in Ukraine and the city of Kampala is in Uganda.,and,FT,0,The city of Jiaxing is in Ukraine.,The city of Kampala is in Uganda.
The city of Shantou is in China and the city of Weifang is in China.,and,TT,1,The city of Shantou is in China.,The city of Weifang is in China.
The city of Callao is in Myanmar and the city of Al Mahallah al Kubra is in Egypt.,and,FT,0,The city of Callao is in Myanmar.,The city of Al Mahallah al Kubra is in Egypt.
The city of Bishkek is in Kyrgyzstan and the city of Rizhao is in Iraq.,and,TF,0,The city of Bishkek is in Kyrgyzstan.,The city of Rizhao is in Iraq.
The city of Giza is in Egypt and the city of Muzaffarabad is in Pakistan.,and,TT,1,The city of Giza is in Egypt.,The city of Muzaffarabad is in Pakistan.
The city of Xianning is in Lebanon or the city of Jabalpur is in Ukraine.,or,FF,0,The city of Xianning is in Lebanon.,The city of Jabalpur is in Ukraine.
The city of Izhevsk is in Nigeria and the city of Kagoshima is in Japan.,and,FT,0,The city of Izhevsk is in Nigeria.,The city of Kagoshima is in Japan.
The city of Cankaya is in Turkey or the city of Almaty is in Iraq.,or,TF,1,The city of Cankaya is in Turkey.,The city of Almaty is in Iraq.
The city of Maiduguri is in Nigeria or the city of Maoming is in China.,or,TT,1,The city of Maiduguri is in Nigeria.,The city of Maoming is in China.
The city of Wanxian is in Algeria and the city of Porto Velho is in Algeria.,and,FF,0,The city of Wanxian is in Algeria.,The city of Porto Velho is in Algeria.
The city of Budapest is in Hungary or the city of Niamey is in China.,or,TF,1,The city of Budapest is in Hungary.,The city of Niamey is in China.
The city of Weihai is in China or the city of Urumqi is in Vietnam.,or,TF,1,The city of Weihai is in China.,The city of Urumqi is in Vietnam.
The city of Heze is in Yemen and the city of Hamamatsu is in Russia.,and,FF,0,The city of Heze is in Yemen.,The city of Hamamatsu is in Russia.
The city of Torreon is in India and the city of Yaroslavl is in Russia.,and,FT,0,The city of Torreon is in India.,The city of Yaroslavl is in Russia.
The city of Korla is in Azerbaijan and the city of Mississauga is in India.,and,FF,0,The city of Korla is in Azerbaijan.,The city of Mississauga is in India.
The city of Abu Dhabi is in Oman and the city of Bhavnagar is in India.,and,FT,0,The city of Abu Dhabi is in Oman.,The city of Bhavnagar is in India.
The city of Cotonou is in China or the city of Dar es Salaam is in Italy.,or,FF,0,The city of Cotonou is in China.,The city of Dar es Salaam is in Italy.
The city of Jiamusi is in China and the city of Anyang-si is in South Korea.,and,TT,1,The city of Jiamusi is in China.,The city of Anyang-si is in South Korea.
The city of Abu Dhabi is in Oman and the city of Rizhao is in Iraq.,and,FF,0,The city of Abu Dhabi is in Oman.,The city of Rizhao is in Iraq.
The city of Nanning is in Japan and the city of Sulaymaniyah is in Turkey.,and,FF,0,The city of Nanning is in Japan.,The city of Sulaymaniyah is in Turkey.
The city of Ecatepec de Morelos is in Mexico or the city of Tiruchirappalli is in India.,or,TT,1,The city of Ecatepec de Morelos is in Mexico.,The city of Tiruchirappalli is in India.
The city of Sulaymaniyah is in Iraq and the city of Daqing is in Brazil.,and,TF,0,The city of Sulaymaniyah is in Iraq.,The city of Daqing is in Brazil.
The city of Malacca is in China and the city of Chennai is in India.,and,FT,0,The city of Malacca is in China.,The city of Chennai is in India.
The city of Nanchong is in Nigeria or the city of Bucaramanga is in Brazil.,or,FF,0,The city of Nanchong is in Nigeria.,The city of Bucaramanga is in Brazil.
The city of Xiaogan is in Ukraine or the city of Buraydah is in Saudi Arabia.,or,FT,1,The city of Xiaogan is in Ukraine.,The city of Buraydah is in Saudi Arabia.
The city of Irkutsk is in Russia or the city of Asuncion is in Paraguay.,or,TT,1,The city of Irkutsk is in Russia.,The city of Asuncion is in Paraguay.
The city of Serang is in Poland and the city of Petaling Jaya is in Malaysia.,and,FT,0,The city of Serang is in Poland.,The city of Petaling Jaya is in Malaysia.
The city of Xiamen is in Pakistan or the city of Shantou is in Pakistan.,or,FF,0,The city of Xiamen is in Pakistan.,The city of Shantou is in Pakistan.
The city of Sulaymaniyah is in Turkey or the city of Sanaa is in China.,or,FF,0,The city of Sulaymaniyah is in Turkey.,The city of Sanaa is in China.
The city of Karol Bagh is in India or the city of Guang'an is in China.,or,TT,1,The city of Karol Bagh is in India.,The city of Guang'an is in China.
The city of Kota Kinabalu is in Malaysia or the city of Macapa is in China.,or,TF,1,The city of Kota Kinabalu is in Malaysia.,The city of Macapa is in China.
The city of Jiangyin is in Bulgaria and the city of Meizhou is in China.,and,FT,0,The city of Jiangyin is in Bulgaria.,The city of Meizhou is in China.
The city of Curitiba is in India or the city of Rangpur is in Bangladesh.,or,FT,1,The city of Curitiba is in India.,The city of Rangpur is in Bangladesh.
The city of Luohe is in Brazil and the city of Abobo is in Côte d'Ivoire.,and,FT,0,The city of Luohe is in Brazil.,The city of Abobo is in Côte d'Ivoire.
The city of Lahore is in China and the city of Omsk is in Russia.,and,FT,0,The city of Lahore is in China.,The city of Omsk is in Russia.
The city of Xiamen is in China or the city of Rio de Janeiro is in Brazil.,or,TT,1,The city of Xiamen is in China.,The city of Rio de Janeiro is in Brazil.
The city of Kaifeng is in Mexico and the city of Ryazan' is in Russia.,and,FT,0,The city of Kaifeng is in Mexico.,The city of Ryazan' is in Russia.
The city of Ranchi is in Venezuela or the city of Nanning is in Japan.,or,FF,0,The city of Ranchi is in Venezuela.,The city of Nanning is in Japan.
The city of Tebessa is in India and the city of Matola is in Mozambique.,and,FT,0,The city of Tebessa is in India.,The city of Matola is in Mozambique.
The city of Sevastopol is in Pakistan or the city of Homyel' is in Belarus.,or,FT,1,The city of Sevastopol is in Pakistan.,The city of Homyel' is in Belarus.
The city of Serang is in Poland and the city of Kampala is in Turkey.,and,FF,0,The city of Serang is in Poland.,The city of Kampala is in Turkey.
The city of Oklahoma City is in China or the city of Ta'if is in Saudi Arabia.,or,FT,1,The city of Oklahoma City is in China.,The city of Ta'if is in Saudi Arabia.
The city of Xuzhou is in China or the city of Cankaya is in the United States.,or,TF,1,The city of Xuzhou is in China.,The city of Cankaya is in the United States.
The city of Kota Kinabalu is in the United States and the city of Multan is in Pakistan.,and,FT,0,The city of Kota Kinabalu is in the United States.,The city of Multan is in Pakistan.
The city of Pietermaritzburg is in South Africa or the city of Cixi is in China.,or,TT,1,The city of Pietermaritzburg is in South Africa.,The city of Cixi is in China.
The city of Riga is in Japan or the city of Madinat an Nasr is in India.,or,FF,0,The city of Riga is in Japan.,The city of Madinat an Nasr is in India.
The city of Ouagadougou is in Burkina Faso or the city of Chizhou is in China.,or,TT,1,The city of Ouagadougou is in Burkina Faso.,The city of Chizhou is in China.
The city of Kampala is in Turkey or the city of Tianjin is in Bangladesh.,or,FF,0,The city of Kampala is in Turkey.,The city of Tianjin is in Bangladesh.
The city of San Luis Potosi is in Mexico and the city of Maoming is in China.,and,TT,1,The city of San Luis Potosi is in Mexico.,The city of Maoming is in China.
The city of Penza is in China and the city of Irkutsk is in Russia.,and,FT,0,The city of Penza is in China.,The city of Irkutsk is in Russia.
The city of Yingkou is in the Philippines or the city of Shangyu is in the United Arab Emirates.,or,FF,0,The city of Yingkou is in the Philippines.,The city of Shangyu is in the United Arab Emirates.
The city of Minsk is in South Korea or the city of Fortaleza is in Brazil.,or,FT,1,The city of Minsk is in South Korea.,The city of Fortaleza is in Brazil.
The city of Najafgarh is in India and the city of Chongqing is in China.,and,TT,1,The city of Najafgarh is in India.,The city of Chongqing is in China.
The city of Tegucigalpa is in China and the city of Benxi is in China.,and,FT,0,The city of Tegucigalpa is in China.,The city of Benxi is in China.
The city of Abuja is in Nigeria or the city of Nanchong is in Nigeria.,or,TF,1,The city of Abuja is in Nigeria.,The city of Nanchong is in Nigeria.
The city of Rahim Yar Khan is in Pakistan or the city of Joao Pessoa is in Brazil.,or,TT,1,The city of Rahim Yar Khan is in Pakistan.,The city of Joao Pessoa is in Brazil.
The city of Madurai is in Burundi or the city of Sapporo is in Mexico.,or,FF,0,The city of Madurai is in Burundi.,The city of Sapporo is in Mexico.
The city of Kayseri is in Turkey and the city of Guiyang is in China.,and,TT,1,The city of Kayseri is in Turkey.,The city of Guiyang is in China.
The city of Davao is in Brazil or the city of Juiz de Fora is in Brazil.,or,FT,1,The city of Davao is in Brazil.,The city of Juiz de Fora is in Brazil.
The city of Makassar is in Indonesia and the city of Algiers is in China.,and,TF,0,The city of Makassar is in Indonesia.,The city of Algiers is in China.
The city of Khulna is in Bangladesh or the city of Ajmer is in India.,or,TT,1,The city of Khulna is in Bangladesh.,The city of Ajmer is in India.
The city of Chizhou is in China and the city of Kahriz is in Uzbekistan.,and,TF,0,The city of Chizhou is in China.,The city of Kahriz is in Uzbekistan.
The city of Suwon is in Russia or the city of Jabalpur is in India.,or,FT,1,The city of Suwon is in Russia.,The city of Jabalpur is in India.
The city of Panzhihua is in China and the city of Bamako is in India.,and,TF,0,The city of Panzhihua is in China.,The city of Bamako is in India.
The city of Guangzhou is in India and the city of Jinan is in China.,and,FT,0,The city of Guangzhou is in India.,The city of Jinan is in China.
The city of Zhuzhou is in China and the city of Guwahati is in China.,and,TF,0,The city of Zhuzhou is in China.,The city of Guwahati is in China.
The city of Buraydah is in Rwanda or the city of Yaounde is in China.,or,FF,0,The city of Buraydah is in Rwanda.,The city of Yaounde is in China.
The city of Samarkand is in Uzbekistan and the city of Shangyu is in the United Arab Emirates.,and,TF,0,The city of Samarkand is in Uzbekistan.,The city of Shangyu is in the United Arab Emirates.
The city of Marseille is in France or the city of Erzurum is in the Democratic Republic of the Congo.,or,TF,1,The city of Marseille is in France.,The city of Erzurum is in the Democratic Republic of the Congo.
The city of Shaoxing is in the Philippines and the city of Yangjiang is in China.,and,FT,0,The city of Shaoxing is in the Philippines.,The city of Yangjiang is in China.
The city of Laibin is in Ethiopia and the city of Lome is in Togo.,and,FT,0,The city of Laibin is in Ethiopia.,The city of Lome is in Togo.
The city of Zhumadian is in China and the city of Lyon is in Canada.,and,TF,0,The city of Zhumadian is in China.,The city of Lyon is in Canada.
The city of Caracas is in Sudan and the city of Hannover is in Germany.,and,FT,0,The city of Caracas is in Sudan.,The city of Hannover is in Germany.
The city of Gujranwala is in Pakistan and the city of Tangier is in Ecuador.,and,TF,0,The city of Gujranwala is in Pakistan.,The city of Tangier is in Ecuador.
The city of Ha'il is in China or the city of Fort Worth is in the United States.,or,FT,1,The city of Ha'il is in China.,The city of Fort Worth is in the United States.
The city of Bhilai is in India and the city of Winnipeg is in Mexico.,and,TF,0,The city of Bhilai is in India.,The city of Winnipeg is in Mexico.
The city of Uberlandia is in India or the city of Kandahar is in Afghanistan.,or,FT,1,The city of Uberlandia is in India.,The city of Kandahar is in Afghanistan.
The city of Ciudad Guayana is in Venezuela or the city of Rostov-na-Donu is in the United Arab Emirates.,or,TF,1,The city of Ciudad Guayana is in Venezuela.,The city of Rostov-na-Donu is in the United Arab Emirates.
The city of Kisangani is in the Democratic Republic of the Congo and the city of Bauchi is in Nigeria.,and,TT,1,The city of Kisangani is in the Democratic Republic of the Congo.,The city of Bauchi is in Nigeria.
The city of Bareilly is in Mozambique and the city of Hamadan is in Iran.,and,FT,0,The city of Bareilly is in Mozambique.,The city of Hamadan is in Iran.
The city of Haiphong is in Vietnam and the city of Bulawayo is in Zimbabwe.,and,TT,1,The city of Haiphong is in Vietnam.,The city of Bulawayo is in Zimbabwe.
The city of Palembang is in Indonesia or the city of Rangpur is in Bangladesh.,or,TT,1,The city of Palembang is in Indonesia.,The city of Rangpur is in Bangladesh.
The city of Bouake is in China and the city of Zaporizhzhya is in Ukraine.,and,FT,0,The city of Bouake is in China.,The city of Zaporizhzhya is in Ukraine.
The city of Izmir is in Turkey or the city of Tashkent is in Uzbekistan.,or,TT,1,The city of Izmir is in Turkey.,The city of Tashkent is in Uzbekistan.
The city of Maceio is in China or the city of Chattogram is in Bangladesh.,or,FT,1,The city of Maceio is in China.,The city of Chattogram is in Bangladesh.
The city of Ma'anshan is in India or the city of Guankou is in Pakistan.,or,FF,0,The city of Ma'anshan is in India.,The city of Guankou is in Pakistan.
The city of Daqing is in China and the city of Tijuana is in Mexico.,and,TT,1,The city of Daqing is in China.,The city of Tijuana is in Mexico.
The city of Oyo is in Nigeria or the city of Minsk is in South Korea.,or,TF,1,The city of Oyo is in Nigeria.,The city of Minsk is in South Korea.
The city of Jalandhar is in Iraq or the city of Gold Coast is in China.,or,FF,0,The city of Jalandhar is in Iraq.,The city of Gold Coast is in China.
The city of San Miguel de Tucuman is in China and the city of Thiruvananthapuram is in India.,and,FT,0,The city of San Miguel de Tucuman is in China.,The city of Thiruvananthapuram is in India.
The city of Islamabad is in Japan or the city of Iztapalapa is in Mexico.,or,FT,1,The city of Islamabad is in Japan.,The city of Iztapalapa is in Mexico.
The city of Palembang is in Indonesia or the city of Moradabad is in India.,or,TT,1,The city of Palembang is in Indonesia.,The city of Moradabad is in India.
The city of Albuquerque is in the United States and the city of Asmara is in Indonesia.,and,TF,0,The city of Albuquerque is in the United States.,The city of Asmara is in Indonesia.
The city of Kano is in Nigeria and the city of Chaozhou is in South Korea.,and,TF,0,The city of Kano is in Nigeria.,The city of Chaozhou is in South Korea.
The city of Cheonan is in Myanmar and the city of Shenyang is in China.,and,FT,0,The city of Cheonan is in Myanmar.,The city of Shenyang is in China.
The city of Reynosa is in Mexico or the city of Fukuoka is in Japan.,or,TT,1,The city of Reynosa is in Mexico.,The city of Fukuoka is in Japan.
The city of Al Ain City is in India or the city of Guatemala City is in Guatemala.,or,FT,1,The city of Al Ain City is in India.,The city of Guatemala City is in Guatemala.
The city of Zagreb is in Japan or the city of Nay Pyi Taw is in Mozambique.,or,FF,0,The city of Zagreb is in Japan.,The city of Nay Pyi Taw is in Mozambique.
The city of Sokoto is in South Korea and the city of Abuja is in Nigeria.,and,FT,0,The city of Sokoto is in South Korea.,The city of Abuja is in Nigeria.
The city of Santiago de los Caballeros is in India or the city of Zaozhuang is in Belarus.,or,FF,0,The city of Santiago de los Caballeros is in India.,The city of Zaozhuang is in Belarus.
The city of Meknes is in China and the city of Xining is in China.,and,FT,0,The city of Meknes is in China.,The city of Xining is in China.
The city of Al Mawsil al Jadidah is in India or the city of Ajmer is in India.,or,FT,1,The city of Al Mawsil al Jadidah is in India.,The city of Ajmer is in India.
The city of Diyarbakir is in Colombia or the city of Contagem is in Brazil.,or,FT,1,The city of Diyarbakir is in Colombia.,The city of Contagem is in Brazil.
The city of Luzhou is in Peru and the city of Homyel' is in Iran.,and,FF,0,The city of Luzhou is in Peru.,The city of Homyel' is in Iran.
The city of Santiago de Queretaro is in Ecuador and the city of Subang Jaya is in Malaysia.,and,FT,0,The city of Santiago de Queretaro is in Ecuador.,The city of Subang Jaya is in Malaysia.
The city of Chennai is in India or the city of Sargodha is in Pakistan.,or,TT,1,The city of Chennai is in India.,The city of Sargodha is in Pakistan.
The city of Tonghua is in Venezuela or the city of Meizhou is in China.,or,FT,1,The city of Tonghua is in Venezuela.,The city of Meizhou is in China.
The city of Al Hudaydah is in South Korea and the city of Coimbatore is in India.,and,FT,0,The city of Al Hudaydah is in South Korea.,The city of Coimbatore is in India.
The city of Zhumadian is in Brazil or the city of Londrina is in Brazil.,or,FT,1,The city of Zhumadian is in Brazil.,The city of Londrina is in Brazil.
The city of Ibague is in Colombia and the city of Astrakhan is in Russia.,and,TT,1,The city of Ibague is in Colombia.,The city of Astrakhan is in Russia.
The city of Dhanbad is in India and the city of Istanbul is in Turkey.,and,TT,1,The city of Dhanbad is in India.,The city of Istanbul is in Turkey.
The city of Yangon is in Kenya and the city of Aden is in Yemen.,and,FT,0,The city of Yangon is in Kenya.,The city of Aden is in Yemen.
The city of Chizhou is in the Republic of the Congo or the city of Niigata is in Yemen.,or,FF,0,The city of Chizhou is in the Republic of the Congo.,The city of Niigata is in Yemen.
The city of Kolhapur is in Mozambique and the city of Krakow is in Poland.,and,FT,0,The city of Kolhapur is in Mozambique.,The city of Krakow is in Poland.
The city of Gaziantep is in Mexico and the city of Matsuyama is in Burkina Faso.,and,FF,0,The city of Gaziantep is in Mexico.,The city of Matsuyama is in Burkina Faso.
The city of Zapopan is in China or the city of Cimahi is in Indonesia.,or,FT,1,The city of Zapopan is in China.,The city of Cimahi is in Indonesia.
The city of Bareilly is in India or the city of Ciudad Juarez is in India.,or,TF,1,The city of Bareilly is in India.,The city of Ciudad Juarez is in India.
The city of Detroit is in the United States or the city of Ulan Bator is in Mongolia.,or,TT,1,The city of Detroit is in the United States.,The city of Ulan Bator is in Mongolia.
The city of Qionghai is in Ecuador or the city of Almaty is in Kazakhstan.,or,FT,1,The city of Qionghai is in Ecuador.,The city of Almaty is in Kazakhstan.
The city of Jieyang is in China and the city of Warri is in Nigeria.,and,TT,1,The city of Jieyang is in China.,The city of Warri is in Nigeria.
The city of Jakarta is in Indonesia and the city of Pretoria is in South Africa.,and,TT,1,The city of Jakarta is in Indonesia.,The city of Pretoria is in South Africa.
The city of Zibo is in India and the city of Dammam is in Russia.,and,FF,0,The city of Zibo is in India.,The city of Dammam is in Russia.
The city of Chelyabinsk is in Russia and the city of Shangluo is in China.,and,TT,1,The city of Chelyabinsk is in Russia.,The city of Shangluo is in China.
The city of Ibadan is in Nigeria and the city of Naucalpan de Juarez is in Honduras.,and,TF,0,The city of Ibadan is in Nigeria.,The city of Naucalpan de Juarez is in Honduras.
The city of New Kingston is in Jamaica and the city of Mexicali is in Mexico.,and,TT,1,The city of New Kingston is in Jamaica.,The city of Mexicali is in Mexico.
The city of Multan is in Pakistan or the city of Kunming is in Mexico.,or,TF,1,The city of Multan is in Pakistan.,The city of Kunming is in Mexico.
The city of Yaroslavl is in Russia or the city of Marrakesh is in Morocco.,or,TT,1,The city of Yaroslavl is in Russia.,The city of Marrakesh is in Morocco.
The city of Ulhasnagar is in India or the city of Londrina is in India.,or,TF,1,The city of Ulhasnagar is in India.,The city of Londrina is in India.
The city of Nowrangapur is in India or the city of Quito is in Ecuador.,or,TT,1,The city of Nowrangapur is in India.,The city of Quito is in Ecuador.
The city of Nanded is in India and the city of Battagram is in Tanzania.,and,TF,0,The city of Nanded is in India.,The city of Battagram is in Tanzania.
The city of Guankou is in China and the city of Ilorin is in Nigeria.,and,TT,1,The city of Guankou is in China.,The city of Ilorin is in Nigeria.
The city of Chattogram is in China or the city of Solapur is in India.,or,FT,1,The city of Chattogram is in China.,The city of Solapur is in India.
The city of Ipoh is in Malaysia and the city of Bursa is in Bosnia and Herzegovina.,and,TF,0,The city of Ipoh is in Malaysia.,The city of Bursa is in Bosnia and Herzegovina.
The city of Aleppo is in Syria and the city of Mandalay is in Myanmar.,and,TT,1,The city of Aleppo is in Syria.,The city of Mandalay is in Myanmar.
The city of Cebu City is in the Philippines or the city of Rostov-na-Donu is in the United Arab Emirates.,or,TF,1,The city of Cebu City is in the Philippines.,The city of Rostov-na-Donu is in the United Arab Emirates.
The city of Dongying is in China and the city of Chenzhou is in Brazil.,and,TF,0,The city of Dongying is in China.,The city of Chenzhou is in Brazil.
The city of Port-au-Prince is in South Korea and the city of Yangon is in Myanmar.,and,FT,0,The city of Port-au-Prince is in South Korea.,The city of Yangon is in Myanmar.
The city of Port Said is in China or the city of Esenler is in India.,or,FF,0,The city of Port Said is in China.,The city of Esenler is in India.
The city of Najafgarh is in India and the city of Shangyu is in the United Arab Emirates.,and,TF,0,The city of Najafgarh is in India.,The city of Shangyu is in the United Arab Emirates.
The city of Vladivostok is in Romania and the city of Palembang is in Brazil.,and,FF,0,The city of Vladivostok is in Romania.,The city of Palembang is in Brazil.
The city of Abu Dhabi is in the United Arab Emirates and the city of Voronezh is in Romania.,and,TF,0,The city of Abu Dhabi is in the United Arab Emirates.,The city of Voronezh is in Romania.
The city of Diyarbakir is in Turkey or the city of New Kingston is in Jamaica.,or,TT,1,The city of Diyarbakir is in Turkey.,The city of New Kingston is in Jamaica.
The city of Bijie is in China and the city of Jiaxing is in Ukraine.,and,TF,0,The city of Bijie is in China.,The city of Jiaxing is in Ukraine.
The city of Goeteborg is in Sweden and the city of Santiago de Cuba is in India.,and,TF,0,The city of Goeteborg is in Sweden.,The city of Santiago de Cuba is in India.
The city of Zhengzhou is in China and the city of Kitakyushu is in Yemen.,and,TF,0,The city of Zhengzhou is in China.,The city of Kitakyushu is in Yemen.
The city of Zhaotong is in China or the city of Dakar is in Senegal.,or,TT,1,The city of Zhaotong is in China.,The city of Dakar is in Senegal.
The city of Marrakesh is in Morocco or the city of Weihai is in Russia.,or,TF,1,The city of Marrakesh is in Morocco.,The city of Weihai is in Russia.
The city of Muscat is in Bangladesh or the city of Cucuta is in India.,or,FF,0,The city of Muscat is in Bangladesh.,The city of Cucuta is in India.
The city of Novosibirsk is in the Philippines or the city of Lodz is in the Dominican Republic.,or,FF,0,The city of Novosibirsk is in the Philippines.,The city of Lodz is in the Dominican Republic.
The city of Krasnoyarsk is in Russia or the city of Islamabad is in Pakistan.,or,TT,1,The city of Krasnoyarsk is in Russia.,The city of Islamabad is in Pakistan.
The city of Zibo is in India and the city of Contagem is in Indonesia.,and,FF,0,The city of Zibo is in India.,The city of Contagem is in Indonesia.
The city of Qom is in Vietnam or the city of Jiaxing is in Ukraine.,or,FF,0,The city of Qom is in Vietnam.,The city of Jiaxing is in Ukraine.
The city of Conakry is in Guinea and the city of Yangquan is in China.,and,TT,1,The city of Conakry is in Guinea.,The city of Yangquan is in China.
The city of Krasnoyarsk is in Russia and the city of Basrah is in Iraq.,and,TT,1,The city of Krasnoyarsk is in Russia.,The city of Basrah is in Iraq.
The city of Sulaymaniyah is in Turkey or the city of Mudanjiang is in China.,or,FT,1,The city of Sulaymaniyah is in Turkey.,The city of Mudanjiang is in China.
The city of Huaihua is in South Africa or the city of Zhenjiang is in China.,or,FT,1,The city of Huaihua is in South Africa.,The city of Zhenjiang is in China.
The city of Weihai is in Russia and the city of Theni is in Nigeria.,and,FF,0,The city of Weihai is in Russia.,The city of Theni is in Nigeria.
The city of Izhevsk is in Nigeria or the city of Seongnam-si is in South Korea.,or,FT,1,The city of Izhevsk is in Nigeria.,The city of Seongnam-si is in South Korea.
The city of Tirunelveli is in India and the city of Wanxian is in Algeria.,and,TF,0,The city of Tirunelveli is in India.,The city of Wanxian is in Algeria.
The city of Sofia is in Bulgaria or the city of Panzhihua is in Iran.,or,TF,1,The city of Sofia is in Bulgaria.,The city of Panzhihua is in Iran.
The city of Cangzhou is in Germany or the city of Banjarmasin is in South Korea.,or,FF,0,The city of Cangzhou is in Germany.,The city of Banjarmasin is in South Korea.
The city of Dalian is in Saudi Arabia or the city of Abu Dhabi is in Oman.,or,FF,0,The city of Dalian is in Saudi Arabia.,The city of Abu Dhabi is in Oman.
The city of Abu Ghurayb is in Iraq or the city of Bilimora is in India.,or,TT,1,The city of Abu Ghurayb is in Iraq.,The city of Bilimora is in India.
The city of Shivaji Nagar is in India or the city of Guankou is in China.,or,TT,1,The city of Shivaji Nagar is in India.,The city of Guankou is in China.
The city of Hiroshima is in Japan and the city of Matola is in Mozambique.,and,TT,1,The city of Hiroshima is in Japan.,The city of Matola is in Mozambique.
The city of Xining is in China or the city of Tangier is in Ecuador.,or,TF,1,The city of Xining is in China.,The city of Tangier is in Ecuador.
The city of Riga is in Japan or the city of Nanjing is in China.,or,FT,1,The city of Riga is in Japan.,The city of Nanjing is in China.
The city of Weinan is in China and the city of Lyon is in France.,and,TT,1,The city of Weinan is in China.,The city of Lyon is in France.
The city of Pimpri is in China and the city of Batam is in Turkey.,and,FF,0,The city of Pimpri is in China.,The city of Batam is in Turkey.
The city of Onitsha is in Nigeria and the city of Rajkot is in India.,and,TT,1,The city of Onitsha is in Nigeria.,The city of Rajkot is in India.
The city of Binzhou is in Brazil or the city of Almaty is in Iraq.,or,FF,0,The city of Binzhou is in Brazil.,The city of Almaty is in Iraq.
The city of Hezhou is in India or the city of Mosul is in China.,or,FF,0,The city of Hezhou is in India.,The city of Mosul is in China.
The city of Wanxian is in Algeria and the city of Ludhiana is in Togo.,and,FF,0,The city of Wanxian is in Algeria.,The city of Ludhiana is in Togo.
The city of Kagoshima is in Japan or the city of Goiania is in Brazil.,or,TT,1,The city of Kagoshima is in Japan.,The city of Goiania is in Brazil.
The city of Dalian is in China or the city of Barquisimeto is in Venezuela.,or,TT,1,The city of Dalian is in China.,The city of Barquisimeto is in Venezuela.
The city of Abeokuta is in Mozambique and the city of Yangon is in Kenya.,and,FF,0,The city of Abeokuta is in Mozambique.,The city of Yangon is in Kenya.
The city of Hwaseong-si is in Brazil and the city of Turin is in Italy.,and,FT,0,The city of Hwaseong-si is in Brazil.,The city of Turin is in Italy.
The city of Manaus is in Turkey and the city of Guangyuan is in Mexico.,and,FF,0,The city of Manaus is in Turkey.,The city of Guangyuan is in Mexico.
The city of Rostov-na-Donu is in Russia or the city of Kunming is in Mexico.,or,TF,1,The city of Rostov-na-Donu is in Russia.,The city of Kunming is in Mexico.
The city of Niigata is in Japan and the city of Daegu is in South Korea.,and,TT,1,The city of Niigata is in Japan.,The city of Daegu is in South Korea.
The city of Salta is in Argentina or the city of Kryvyy Rih is in China.,or,TF,1,The city of Salta is in Argentina.,The city of Kryvyy Rih is in China.
The city of Petaling Jaya is in Malaysia and the city of Tianjin is in Bangladesh.,and,TF,0,The city of Petaling Jaya is in Malaysia.,The city of Tianjin is in Bangladesh.
The city of Shiraz is in Iran and the city of Bamako is in India.,and,TF,0,The city of Shiraz is in Iran.,The city of Bamako is in India.
The city of Fortaleza is in Honduras and the city of Turin is in Italy.,and,FT,0,The city of Fortaleza is in Honduras.,The city of Turin is in Italy.
The city of Zibo is in China and the city of Vijayawada is in Nigeria.,and,TF,0,The city of Zibo is in China.,The city of Vijayawada is in Nigeria.
The city of Nairobi is in Kenya or the city of Dortmund is in India.,or,TF,1,The city of Nairobi is in Kenya.,The city of Dortmund is in India.
The city of Bursa is in Bosnia and Herzegovina or the city of Bhopal is in India.,or,FT,1,The city of Bursa is in Bosnia and Herzegovina.,The city of Bhopal is in India.
The city of Yinchuan is in China and the city of Erode is in India.,and,TT,1,The city of Yinchuan is in China.,The city of Erode is in India.
The city of Buraydah is in Saudi Arabia and the city of Deyang is in Japan.,and,TF,0,The city of Buraydah is in Saudi Arabia.,The city of Deyang is in Japan.
The city of Ya'an is in Morocco or the city of Brazzaville is in Nigeria.,or,FF,0,The city of Ya'an is in Morocco.,The city of Brazzaville is in Nigeria.
The city of Asuncion is in Nigeria or the city of Sharjah is in the United Arab Emirates.,or,FT,1,The city of Asuncion is in Nigeria.,The city of Sharjah is in the United Arab Emirates.
The city of Kemerovo is in Russia and the city of Casablanca is in Morocco.,and,TT,1,The city of Kemerovo is in Russia.,The city of Casablanca is in Morocco.
The city of Maracaibo is in Russia or the city of Daegu is in South Korea.,or,FT,1,The city of Maracaibo is in Russia.,The city of Daegu is in South Korea.
The city of Shaoguan is in China or the city of Tangier is in Morocco.,or,TT,1,The city of Shaoguan is in China.,The city of Tangier is in Morocco.
The city of Yaroslavl is in India or the city of Benin City is in China.,or,FF,0,The city of Yaroslavl is in India.,The city of Benin City is in China.
The city of Nowrangapur is in Vietnam and the city of Maceio is in China.,and,FF,0,The city of Nowrangapur is in Vietnam.,The city of Maceio is in China.
The city of Chisinau is in Germany or the city of Rajshahi is in Russia.,or,FF,0,The city of Chisinau is in Germany.,The city of Rajshahi is in Russia.
The city of Johannesburg is in China and the city of Ha'il is in China.,and,FF,0,The city of Johannesburg is in China.,The city of Ha'il is in China.
The city of Al Hudaydah is in South Korea or the city of Guatemala City is in Guatemala.,or,FT,1,The city of Al Hudaydah is in South Korea.,The city of Guatemala City is in Guatemala.
The city of Davao is in the Philippines or the city of Ankara is in Turkey.,or,TT,1,The city of Davao is in the Philippines.,The city of Ankara is in Turkey.
The city of Contagem is in Brazil and the city of Recife is in North Korea.,and,TF,0,The city of Contagem is in Brazil.,The city of Recife is in North Korea.
The city of Vadodara is in India and the city of Liaocheng is in South Korea.,and,TF,0,The city of Vadodara is in India.,The city of Liaocheng is in South Korea.
The city of Matola is in India or the city of Santiago de los Caballeros is in the Dominican Republic.,or,FT,1,The city of Matola is in India.,The city of Santiago de los Caballeros is in the Dominican Republic.
The city of Zhangjiagang is in Brazil and the city of Cankaya is in the United States.,and,FF,0,The city of Zhangjiagang is in Brazil.,The city of Cankaya is in the United States.
The city of Guwahati is in China or the city of Nanchang is in China.,or,FT,1,The city of Guwahati is in China.,The city of Nanchang is in China.
The city of Jaboatao dos Guararapes is in Myanmar or the city of Zhabei is in Afghanistan.,or,FF,0,The city of Jaboatao dos Guararapes is in Myanmar.,The city of Zhabei is in Afghanistan.
The city of Cheongju-si is in India and the city of Nouakchott is in Mauritania.,and,FT,0,The city of Cheongju-si is in India.,The city of Nouakchott is in Mauritania.
The city of Baghdad is in China or the city of Niigata is in Yemen.,or,FF,0,The city of Baghdad is in China.,The city of Niigata is in Yemen.
The city of Mar del Plata is in Argentina and the city of Tirunelveli is in China.,and,TF,0,The city of Mar del Plata is in Argentina.,The city of Tirunelveli is in China.
The city of Putian is in Vietnam and the city of Rohini is in Russia.,and,FF,0,The city of Putian is in Vietnam.,The city of Rohini is in Russia.
The city of Novokuznetsk is in China or the city of Shubra al Khaymah is in Egypt.,or,FT,1,The city of Novokuznetsk is in China.,The city of Shubra al Khaymah is in Egypt.
The city of Karaj is in Iran and the city of Johor Bahru is in Cuba.,and,TF,0,The city of Karaj is in Iran.,The city of Johor Bahru is in Cuba.
The city of Sulaymaniyah is in Turkey or the city of Almaty is in Iraq.,or,FF,0,The city of Sulaymaniyah is in Turkey.,The city of Almaty is in Iraq.
The city of Semarang is in Indonesia or the city of Tijuana is in Mexico.,or,TT,1,The city of Semarang is in Indonesia.,The city of Tijuana is in Mexico.
The city of Leipzig is in Russia or the city of Tijuana is in the United Arab Emirates.,or,FF,0,The city of Leipzig is in Russia.,The city of Tijuana is in the United Arab Emirates.
The city of Khartoum is in Sudan and the city of Heze is in China.,and,TT,1,The city of Khartoum is in Sudan.,The city of Heze is in China.
The city of Jiujiang is in Indonesia or the city of Amritsar is in India.,or,FT,1,The city of Jiujiang is in Indonesia.,The city of Amritsar is in India.
The city of Uskudar is in Bulgaria or the city of Kumasi is in India.,or,FF,0,The city of Uskudar is in Bulgaria.,The city of Kumasi is in India.
The city of Siping is in China and the city of Seattle is in Yemen.,and,TF,0,The city of Siping is in China.,The city of Seattle is in Yemen.
The city of Thiruvananthapuram is in Japan and the city of Gaziantep is in Turkey.,and,FT,0,The city of Thiruvananthapuram is in Japan.,The city of Gaziantep is in Turkey.
The city of Comilla is in Bangladesh and the city of Bloemfontein is in South Africa.,and,TT,1,The city of Comilla is in Bangladesh.,The city of Bloemfontein is in South Africa.
The city of Cuttack is in Pakistan or the city of Guntur is in China.,or,FF,0,The city of Cuttack is in Pakistan.,The city of Guntur is in China.
The city of Coyoacan is in Kenya or the city of Harbin is in China.,or,FT,1,The city of Coyoacan is in Kenya.,The city of Harbin is in China.
The city of Jamshedpur is in China or the city of Tashkent is in Uzbekistan.,or,FT,1,The city of Jamshedpur is in China.,The city of Tashkent is in Uzbekistan.
The city of Victoria de Durango is in Ghana or the city of Helsinki is in Finland.,or,FT,1,The city of Victoria de Durango is in Ghana.,The city of Helsinki is in Finland.
The city of Shivaji Nagar is in China and the city of Ho Chi Minh City is in Vietnam.,and,FT,0,The city of Shivaji Nagar is in China.,The city of Ho Chi Minh City is in Vietnam.
The city of Yangjiang is in Indonesia or the city of Bien Hoa is in South Korea.,or,FF,0,The city of Yangjiang is in Indonesia.,The city of Bien Hoa is in South Korea.
The city of Okayama is in Japan or the city of New South Memphis is in China.,or,TF,1,The city of Okayama is in Japan.,The city of New South Memphis is in China.
The city of Leon de los Aldama is in China or the city of Incheon is in India.,or,FF,0,The city of Leon de los Aldama is in China.,The city of Incheon is in India.
The city of Shangqiu is in South Korea and the city of Lodz is in the Dominican Republic.,and,FF,0,The city of Shangqiu is in South Korea.,The city of Lodz is in the Dominican Republic.
The city of Hamhung is in North Korea or the city of Pingdingshan is in South Africa.,or,TF,1,The city of Hamhung is in North Korea.,The city of Pingdingshan is in South Africa.
The city of Zhumadian is in China or the city of Oklahoma City is in China.,or,TF,1,The city of Zhumadian is in China.,The city of Oklahoma City is in China.
The city of Shubra al Khaymah is in Egypt and the city of Xianyang is in Russia.,and,TF,0,The city of Shubra al Khaymah is in Egypt.,The city of Xianyang is in Russia.
The city of Arak is in India or the city of Quzhou is in Vietnam.,or,FF,0,The city of Arak is in India.,The city of Quzhou is in Vietnam.
The city of Asansol is in India and the city of Kisangani is in China.,and,TF,0,The city of Asansol is in India.,The city of Kisangani is in China.
The city of Zahedan is in Iran and the city of Bikaner is in South Korea.,and,TF,0,The city of Zahedan is in Iran.,The city of Bikaner is in South Korea.
The city of Cimahi is in Indonesia and the city of Zhaotong is in China.,and,TT,1,The city of Cimahi is in Indonesia.,The city of Zhaotong is in China.
The city of Pekanbaru is in India or the city of Asmara is in Eritrea.,or,FT,1,The city of Pekanbaru is in India.,The city of Asmara is in Eritrea.
The city of Shangqiu is in China or the city of Mississauga is in Canada.,or,TT,1,The city of Shangqiu is in China.,The city of Mississauga is in Canada.
The city of Cimahi is in Indonesia or the city of Ulyanovsk is in Russia.,or,TT,1,The city of Cimahi is in Indonesia.,The city of Ulyanovsk is in Russia.
The city of Guatemala City is in Guatemala and the city of Dombivli is in Mali.,and,TF,0,The city of Guatemala City is in Guatemala.,The city of Dombivli is in Mali.
The city of Kumasi is in India or the city of Agadir is in Morocco.,or,FT,1,The city of Kumasi is in India.,The city of Agadir is in Morocco.
The city of Yingkou is in China or the city of Balikpapan is in Indonesia.,or,TT,1,The city of Yingkou is in China.,The city of Balikpapan is in Indonesia.
The city of Xingtai is in Russia and the city of Bokaro is in China.,and,FF,0,The city of Xingtai is in Russia.,The city of Bokaro is in China.
The city of Jos is in Nigeria and the city of Marrakesh is in Malaysia.,and,TF,0,The city of Jos is in Nigeria.,The city of Marrakesh is in Malaysia.
The city of Cebu City is in the Philippines or the city of Kaduna is in Turkey.,or,TF,1,The city of Cebu City is in the Philippines.,The city of Kaduna is in Turkey.
The city of Tiruchirappalli is in Iraq or the city of Dongying is in China.,or,FT,1,The city of Tiruchirappalli is in Iraq.,The city of Dongying is in China.
The city of Sangli is in Japan and the city of Samarkand is in Uzbekistan.,and,FT,0,The city of Sangli is in Japan.,The city of Samarkand is in Uzbekistan.
The city of Lome is in Yemen and the city of Jieyang is in China.,and,FT,0,The city of Lome is in Yemen.,The city of Jieyang is in China.
The city of Madinat an Nasr is in Egypt or the city of Las Pinas is in Yemen.,or,TF,1,The city of Madinat an Nasr is in Egypt.,The city of Las Pinas is in Yemen.
The city of Kuantan is in India or the city of Tiruchirappalli is in India.,or,FT,1,The city of Kuantan is in India.,The city of Tiruchirappalli is in India.
The city of Tolyatti is in Ghana or the city of Casablanca is in Russia.,or,FF,0,The city of Tolyatti is in Ghana.,The city of Casablanca is in Russia.
The city of Ajmer is in India or the city of Mar del Plata is in Nigeria.,or,TF,1,The city of Ajmer is in India.,The city of Mar del Plata is in Nigeria.
The city of Al Ahmadi is in Japan or the city of Agadir is in Morocco.,or,FT,1,The city of Al Ahmadi is in Japan.,The city of Agadir is in Morocco.
The city of Shenyang is in China and the city of Sanya is in China.,and,TT,1,The city of Shenyang is in China.,The city of Sanya is in China.
The city of Amritsar is in India or the city of Yingkou is in China.,or,TT,1,The city of Amritsar is in India.,The city of Yingkou is in China.
The city of Nagpur is in Denmark and the city of Asuncion is in Nigeria.,and,FF,0,The city of Nagpur is in Denmark.,The city of Asuncion is in Nigeria.
The city of Maceio is in Brazil or the city of Arequipa is in Peru.,or,TT,1,The city of Maceio is in Brazil.,The city of Arequipa is in Peru.
The city of Nagoya is in Japan or the city of Sao Bernardo do Campo is in Zambia.,or,TF,1,The city of Nagoya is in Japan.,The city of Sao Bernardo do Campo is in Zambia.
The city of Bahcelievler is in Turkey or the city of Suez is in Brazil.,or,TF,1,The city of Bahcelievler is in Turkey.,The city of Suez is in Brazil.
The city of Juiz de Fora is in Brazil and the city of Kemerovo is in India.,and,TF,0,The city of Juiz de Fora is in Brazil.,The city of Kemerovo is in India.
The city of Sao Bernardo do Campo is in Brazil and the city of Daegu is in the United States.,and,TF,0,The city of Sao Bernardo do Campo is in Brazil.,The city of Daegu is in the United States.
The city of Tyumen is in Russia or the city of Chengdu is in South Korea.,or,TF,1,The city of Tyumen is in Russia.,The city of Chengdu is in South Korea.
The city of Khabarovsk Vtoroy is in China or the city of Chizhou is in the Republic of the Congo.,or,FF,0,The city of Khabarovsk Vtoroy is in China.,The city of Chizhou is in the Republic of the Congo.
The city of Bogor is in Indonesia or the city of Port-au-Prince is in South Korea.,or,TF,1,The city of Bogor is in Indonesia.,The city of Port-au-Prince is in South Korea.
The city of Mandalay is in Algeria and the city of Khulna is in Japan.,and,FF,0,The city of Mandalay is in Algeria.,The city of Khulna is in Japan.
The city of Puente Alto is in Chile or the city of Ulan Bator is in Ukraine.,or,TF,1,The city of Puente Alto is in Chile.,The city of Ulan Bator is in Ukraine.
The city of Douala is in Russia and the city of Arak is in Iran.,and,FT,0,The city of Douala is in Russia.,The city of Arak is in Iran.
The city of Jakarta is in Indonesia and the city of Sangli is in Japan.,and,TF,0,The city of Jakarta is in Indonesia.,The city of Sangli is in Japan.
The city of Incheon is in South Korea and the city of New Kingston is in Jamaica.,and,TT,1,The city of Incheon is in South Korea.,The city of New Kingston is in Jamaica.
The city of Pontianak is in India and the city of Lu'an is in Turkey.,and,FF,0,The city of Pontianak is in India.,The city of Lu'an is in Turkey.
The city of Frankfurt am Main is in Vietnam or the city of Kalyan is in India.,or,FT,1,The city of Frankfurt am Main is in Vietnam.,The city of Kalyan is in India.
The city of Mogadishu is in Somalia and the city of Rostov-na-Donu is in the United Arab Emirates.,and,TF,0,The city of Mogadishu is in Somalia.,The city of Rostov-na-Donu is in the United Arab Emirates.
The city of Puducherry is in India and the city of Santo Domingo Este is in the Dominican Republic.,and,TT,1,The city of Puducherry is in India.,The city of Santo Domingo Este is in the Dominican Republic.
The city of Dombivli is in Mali or the city of Porto Velho is in Brazil.,or,FT,1,The city of Dombivli is in Mali.,The city of Porto Velho is in Brazil.
The city of Zhangjiakou is in China and the city of Ansan-si is in Canada.,and,TF,0,The city of Zhangjiakou is in China.,The city of Ansan-si is in Canada.
The city of Wuzhou is in China or the city of Petaling Jaya is in Bosnia and Herzegovina.,or,TF,1,The city of Wuzhou is in China.,The city of Petaling Jaya is in Bosnia and Herzegovina.
The city of Tembisa is in South Africa or the city of Tirunelveli is in India.,or,TT,1,The city of Tembisa is in South Africa.,The city of Tirunelveli is in India.
The city of Pimpri is in India or the city of Changshu is in the Philippines.,or,TF,1,The city of Pimpri is in India.,The city of Changshu is in the Philippines.
The city of Zaozhuang is in Belarus and the city of Lu'an is in Turkey.,and,FF,0,The city of Zaozhuang is in Belarus.,The city of Lu'an is in Turkey.
The city of Jaboatao dos Guararapes is in Brazil and the city of Bayannur is in Russia.,and,TF,0,The city of Jaboatao dos Guararapes is in Brazil.,The city of Bayannur is in Russia.
The city of Foshan is in Mozambique and the city of Putian is in Vietnam.,and,FF,0,The city of Foshan is in Mozambique.,The city of Putian is in Vietnam.
The city of Panzhihua is in China and the city of Guiyang is in China.,and,TT,1,The city of Panzhihua is in China.,The city of Guiyang is in China.
The city of Dehra Dun is in India and the city of Xingtai is in China.,and,TT,1,The city of Dehra Dun is in India.,The city of Xingtai is in China.
The city of Xianning is in Lebanon or the city of Saratov is in Indonesia.,or,FF,0,The city of Xianning is in Lebanon.,The city of Saratov is in Indonesia.
The city of Sanmenxia is in China or the city of Bhopal is in India.,or,TT,1,The city of Sanmenxia is in China.,The city of Bhopal is in India.
The city of Hohhot is in China or the city of Grosszschocher is in China.,or,TF,1,The city of Hohhot is in China.,The city of Grosszschocher is in China.
The city of Maiduguri is in Nigeria or the city of Theni is in Nigeria.,or,TF,1,The city of Maiduguri is in Nigeria.,The city of Theni is in Nigeria.
The city of Incheon is in India or the city of Kampala is in Uganda.,or,FT,1,The city of Incheon is in India.,The city of Kampala is in Uganda.
The city of Contagem is in Indonesia or the city of Ouagadougou is in China.,or,FF,0,The city of Contagem is in Indonesia.,The city of Ouagadougou is in China.
The city of Guayaquil is in China and the city of Chongqing is in China.,and,FT,0,The city of Guayaquil is in China.,The city of Chongqing is in China.
The city of Cape Town is in China or the city of Quzhou is in China.,or,FT,1,The city of Cape Town is in China.,The city of Quzhou is in China.
The city of Davao is in the Philippines or the city of Nyala is in Sudan.,or,TT,1,The city of Davao is in the Philippines.,The city of Nyala is in Sudan.
The city of Zhenjiang is in Germany and the city of Nairobi is in Mexico.,and,FF,0,The city of Zhenjiang is in Germany.,The city of Nairobi is in Mexico.
The city of Daejeon is in India and the city of Surat is in India.,and,FT,0,The city of Daejeon is in India.,The city of Surat is in India.
The city of Chandigarh is in China and the city of Balikpapan is in Japan.,and,FF,0,The city of Chandigarh is in China.,The city of Balikpapan is in Japan.
The city of Adana is in Togo and the city of Saitama is in Japan.,and,FT,0,The city of Adana is in Togo.,The city of Saitama is in Japan.
The city of Mogadishu is in Iran or the city of Linfen is in India.,or,FF,0,The city of Mogadishu is in Iran.,The city of Linfen is in India.
The city of Pasig City is in the Philippines and the city of Jiaozuo is in China.,and,TT,1,The city of Pasig City is in the Philippines.,The city of Jiaozuo is in China.
The city of Tolyatti is in Ghana or the city of Tyumen is in Mexico.,or,FF,0,The city of Tolyatti is in Ghana.,The city of Tyumen is in Mexico.
The city of Contagem is in Indonesia and the city of Saratov is in Indonesia.,and,FF,0,The city of Contagem is in Indonesia.,The city of Saratov is in Indonesia.
The city of Klang is in Malaysia or the city of Mazar-e Sharif is in Afghanistan.,or,TT,1,The city of Klang is in Malaysia.,The city of Mazar-e Sharif is in Afghanistan.
The city of Chaozhou is in South Korea and the city of Buraydah is in Rwanda.,and,FF,0,The city of Chaozhou is in South Korea.,The city of Buraydah is in Rwanda.
The city of Leipzig is in Russia or the city of New South Memphis is in the United States.,or,FT,1,The city of Leipzig is in Russia.,The city of New South Memphis is in the United States.
The city of Zigong is in Turkey or the city of Huangshi is in India.,or,FF,0,The city of Zigong is in Turkey.,The city of Huangshi is in India.
The city of Quebec is in Canada and the city of Rohini is in Russia.,and,TF,0,The city of Quebec is in Canada.,The city of Rohini is in Russia.
The city of Ibadan is in Malaysia or the city of Longyan is in Benin.,or,FF,0,The city of Ibadan is in Malaysia.,The city of Longyan is in Benin.
The city of Mumbai is in India or the city of Pontianak is in India.,or,TF,1,The city of Mumbai is in India.,The city of Pontianak is in India.
The city of Faisalabad is in Pakistan and the city of Douala is in Russia.,and,TF,0,The city of Faisalabad is in Pakistan.,The city of Douala is in Russia.
The city of Khabarovsk is in Saudi Arabia and the city of Petaling Jaya is in Malaysia.,and,FT,0,The city of Khabarovsk is in Saudi Arabia.,The city of Petaling Jaya is in Malaysia.
The city of Hubli is in India and the city of Zhoushan is in the Philippines.,and,TF,0,The city of Hubli is in India.,The city of Zhoushan is in the Philippines.
The city of Agadir is in Bangladesh and the city of Fes is in Mali.,and,FF,0,The city of Agadir is in Bangladesh.,The city of Fes is in Mali.
The city of The Bronx is in the United States and the city of Bulawayo is in Zimbabwe.,and,TT,1,The city of The Bronx is in the United States.,The city of Bulawayo is in Zimbabwe.
The city of Bijie is in China and the city of Sulaymaniyah is in Iraq.,and,TT,1,The city of Bijie is in China.,The city of Sulaymaniyah is in Iraq.
The city of Fukuoka is in Senegal and the city of Copenhagen is in Denmark.,and,FT,0,The city of Fukuoka is in Senegal.,The city of Copenhagen is in Denmark.
The city of Luohe is in China or the city of Khulna is in Bangladesh.,or,TT,1,The city of Luohe is in China.,The city of Khulna is in Bangladesh.
The city of Fort Worth is in the United States and the city of Ulyanovsk is in Russia.,and,TT,1,The city of Fort Worth is in the United States.,The city of Ulyanovsk is in Russia.
The city of Sangli is in India or the city of Nova Iguacu is in Brazil.,or,TT,1,The city of Sangli is in India.,The city of Nova Iguacu is in Brazil.
The city of Neijiang is in China and the city of Seongnam-si is in Russia.,and,TF,0,The city of Neijiang is in China.,The city of Seongnam-si is in Russia.
The city of Nanchang is in China or the city of Tyumen is in Russia.,or,TT,1,The city of Nanchang is in China.,The city of Tyumen is in Russia.
"The city of Mianzhu, Deyang, Sichuan is in India or the city of Sambhaji Nagar is in China.",or,FF,0,"The city of Mianzhu, Deyang, Sichuan is in India.",The city of Sambhaji Nagar is in China.
The city of Kuantan is in India or the city of Maputo is in Mozambique.,or,FT,1,The city of Kuantan is in India.,The city of Maputo is in Mozambique.
The city of Kobe is in Japan or the city of Mogadishu is in Iran.,or,TF,1,The city of Kobe is in Japan.,The city of Mogadishu is in Iran.
The city of Baghdad is in China or the city of Shangyu is in China.,or,FT,1,The city of Baghdad is in China.,The city of Shangyu is in China.
The city of Guang'an is in Germany and the city of Zunyi is in China.,and,FT,0,The city of Guang'an is in Germany.,The city of Zunyi is in China.
The city of Suqian is in China and the city of Maiduguri is in Nigeria.,and,TT,1,The city of Suqian is in China.,The city of Maiduguri is in Nigeria.
The city of Kuantan is in India or the city of Nanjing is in China.,or,FT,1,The city of Kuantan is in India.,The city of Nanjing is in China.
The city of Kinshasa is in Brazil or the city of Yangquan is in China.,or,FT,1,The city of Kinshasa is in Brazil.,The city of Yangquan is in China.
The city of San Pedro Sula is in Honduras or the city of Wroclaw is in Mexico.,or,TF,1,The city of San Pedro Sula is in Honduras.,The city of Wroclaw is in Mexico.
The city of Ulan Bator is in Ukraine and the city of Denpasar is in Brazil.,and,FF,0,The city of Ulan Bator is in Ukraine.,The city of Denpasar is in Brazil.
The city of Manaus is in Turkey or the city of Dnipro is in Russia.,or,FF,0,The city of Manaus is in Turkey.,The city of Dnipro is in Russia.
The city of Cebu City is in China or the city of Ranchi is in India.,or,FT,1,The city of Cebu City is in China.,The city of Ranchi is in India.
The city of Kahriz is in Uzbekistan or the city of Haiphong is in Vietnam.,or,FT,1,The city of Kahriz is in Uzbekistan.,The city of Haiphong is in Vietnam.
The city of Jeddah is in Myanmar or the city of Madurai is in Burundi.,or,FF,0,The city of Jeddah is in Myanmar.,The city of Madurai is in Burundi.
The city of Kaduna is in Turkey and the city of Mexicali is in Mexico.,and,FT,0,The city of Kaduna is in Turkey.,The city of Mexicali is in Mexico.
The city of Barranquilla is in Pakistan or the city of Yibin is in China.,or,FT,1,The city of Barranquilla is in Pakistan.,The city of Yibin is in China.
The city of Pyongyang is in North Korea and the city of Rawalpindi is in Pakistan.,and,TT,1,The city of Pyongyang is in North Korea.,The city of Rawalpindi is in Pakistan.
The city of Al Mahallah al Kubra is in Egypt and the city of Bagcilar is in Turkey.,and,TT,1,The city of Al Mahallah al Kubra is in Egypt.,The city of Bagcilar is in Turkey.
The city of Ma'anshan is in China or the city of Anshun is in Brazil.,or,TF,1,The city of Ma'anshan is in China.,The city of Anshun is in Brazil.
The city of Perm is in Russia and the city of Mumbai is in India.,and,TT,1,The city of Perm is in Russia.,The city of Mumbai is in India.
The city of Kermanshah is in Iran or the city of Bijie is in Indonesia.,or,TF,1,The city of Kermanshah is in Iran.,The city of Bijie is in Indonesia.
The city of Pietermaritzburg is in China or the city of Diyarbakir is in Turkey.,or,FT,1,The city of Pietermaritzburg is in China.,The city of Diyarbakir is in Turkey.
The city of Zhangjiakou is in India and the city of Reynosa is in China.,and,FF,0,The city of Zhangjiakou is in India.,The city of Reynosa is in China.
The city of Battagram is in Pakistan or the city of Foshan is in China.,or,TT,1,The city of Battagram is in Pakistan.,The city of Foshan is in China.
The city of Jinan is in China and the city of Pekanbaru is in Indonesia.,and,TT,1,The city of Jinan is in China.,The city of Pekanbaru is in Indonesia.
The city of Managua is in Turkey or the city of Duesseldorf is in Mexico.,or,FF,0,The city of Managua is in Turkey.,The city of Duesseldorf is in Mexico.
The city of Port Harcourt is in Nigeria or the city of Pasig City is in Morocco.,or,TF,1,The city of Port Harcourt is in Nigeria.,The city of Pasig City is in Morocco.
The city of Makassar is in Indonesia or the city of Pekanbaru is in Indonesia.,or,TT,1,The city of Makassar is in Indonesia.,The city of Pekanbaru is in Indonesia.
The city of Kahriz is in Uzbekistan and the city of Kirkuk is in Iraq.,and,FT,0,The city of Kahriz is in Uzbekistan.,The city of Kirkuk is in Iraq.
The city of Bokaro is in India and the city of Quito is in Ecuador.,and,TT,1,The city of Bokaro is in India.,The city of Quito is in Ecuador.
The city of Mumbai is in India and the city of Incheon is in India.,and,TF,0,The city of Mumbai is in India.,The city of Incheon is in India.
The city of Casablanca is in Russia and the city of Adana is in Turkey.,and,FT,0,The city of Casablanca is in Russia.,The city of Adana is in Turkey.
The city of Bahawalpur is in China or the city of Izhevsk is in Russia.,or,FT,1,The city of Bahawalpur is in China.,The city of Izhevsk is in Russia.
The city of Zibo is in China or the city of Kampung Baru Subang is in the Philippines.,or,TF,1,The city of Zibo is in China.,The city of Kampung Baru Subang is in the Philippines.
The city of Brazzaville is in Nigeria or the city of Shaoxing is in the Philippines.,or,FF,0,The city of Brazzaville is in Nigeria.,The city of Shaoxing is in the Philippines.
The city of Nasiriyah is in Iraq and the city of Khabarovsk is in Saudi Arabia.,and,TF,0,The city of Nasiriyah is in Iraq.,The city of Khabarovsk is in Saudi Arabia.
The city of Nashik is in India or the city of Paranaque City is in the Philippines.,or,TT,1,The city of Nashik is in India.,The city of Paranaque City is in the Philippines.
The city of Kuantan is in Malaysia or the city of Xingtai is in Russia.,or,TF,1,The city of Kuantan is in Malaysia.,The city of Xingtai is in Russia.
The city of Qujing is in India or the city of Pyongyang is in North Korea.,or,FT,1,The city of Qujing is in India.,The city of Pyongyang is in North Korea.
The city of Huainan is in Egypt and the city of Sanya is in China.,and,FT,0,The city of Huainan is in Egypt.,The city of Sanya is in China.
The city of Prayagraj is in India and the city of Hengyang is in Turkey.,and,TF,0,The city of Prayagraj is in India.,The city of Hengyang is in Turkey.
The city of Mbuji-Mayi is in the Democratic Republic of the Congo and the city of Qom is in Iran.,and,TT,1,The city of Mbuji-Mayi is in the Democratic Republic of the Congo.,The city of Qom is in Iran.
The city of Bouake is in China and the city of Sargodha is in India.,and,FF,0,The city of Bouake is in China.,The city of Sargodha is in India.
The city of Bouake is in China and the city of Bhayandar is in India.,and,FT,0,The city of Bouake is in China.,The city of Bhayandar is in India.
The city of Matola is in Mozambique and the city of Harbin is in China.,and,TT,1,The city of Matola is in Mozambique.,The city of Harbin is in China.
The city of Nagpur is in Denmark and the city of Baku is in Azerbaijan.,and,FT,0,The city of Nagpur is in Denmark.,The city of Baku is in Azerbaijan.
The city of Rajkot is in India and the city of Surakarta is in Indonesia.,and,TT,1,The city of Rajkot is in India.,The city of Surakarta is in Indonesia.
The city of Vadodara is in India or the city of Jieyang is in China.,or,TT,1,The city of Vadodara is in India.,The city of Jieyang is in China.
The city of Guatemala City is in Guatemala and the city of Yichang is in China.,and,TT,1,The city of Guatemala City is in Guatemala.,The city of Yichang is in China.
The city of Contagem is in Indonesia and the city of Pimpri is in India.,and,FT,0,The city of Contagem is in Indonesia.,The city of Pimpri is in India.
The city of Meizhou is in China or the city of Cucuta is in India.,or,TF,1,The city of Meizhou is in China.,The city of Cucuta is in India.
The city of Joao Pessoa is in Brazil or the city of Shaoguan is in China.,or,TT,1,The city of Joao Pessoa is in Brazil.,The city of Shaoguan is in China.
The city of Isfahan is in China and the city of Latakia is in Syria.,and,FT,0,The city of Isfahan is in China.,The city of Latakia is in Syria.
The city of Dhanbad is in India or the city of Hanoi is in Poland.,or,TF,1,The city of Dhanbad is in India.,The city of Hanoi is in Poland.
The city of Cheonan is in Myanmar or the city of Duque de Caxias is in Côte d'Ivoire.,or,FF,0,The city of Cheonan is in Myanmar.,The city of Duque de Caxias is in Côte d'Ivoire.
The city of Pyongyang is in North Korea and the city of Multan is in Ecuador.,and,TF,0,The city of Pyongyang is in North Korea.,The city of Multan is in Ecuador.
The city of Bhavnagar is in Japan or the city of Acapulco de Juarez is in Mexico.,or,FT,1,The city of Bhavnagar is in Japan.,The city of Acapulco de Juarez is in Mexico.
The city of Baise is in China and the city of Mudanjiang is in Turkey.,and,TF,0,The city of Baise is in China.,The city of Mudanjiang is in Turkey.
The city of Onitsha is in China or the city of Duesseldorf is in Mexico.,or,FF,0,The city of Onitsha is in China.,The city of Duesseldorf is in Mexico.
The city of Tianjin is in China and the city of Maturin is in Saudi Arabia.,and,TF,0,The city of Tianjin is in China.,The city of Maturin is in Saudi Arabia.
The city of Ar Raqqah is in Iraq or the city of Weifang is in China.,or,FT,1,The city of Ar Raqqah is in Iraq.,The city of Weifang is in China.
The city of Jilin is in China and the city of Bokaro is in India.,and,TT,1,The city of Jilin is in China.,The city of Bokaro is in India.
The city of Kirkuk is in China and the city of Rangpur is in Russia.,and,FF,0,The city of Kirkuk is in China.,The city of Rangpur is in Russia.
The city of Abidjan is in China and the city of Samarkand is in Uzbekistan.,and,FT,0,The city of Abidjan is in China.,The city of Samarkand is in Uzbekistan.
The city of Rajkot is in Russia or the city of Asuncion is in Nigeria.,or,FF,0,The city of Rajkot is in Russia.,The city of Asuncion is in Nigeria.
The city of Cancun is in Mexico or the city of Chuzhou is in China.,or,TT,1,The city of Cancun is in Mexico.,The city of Chuzhou is in China.
The city of Ebute Ikorodu is in Nigeria and the city of Bekasi is in Indonesia.,and,TT,1,The city of Ebute Ikorodu is in Nigeria.,The city of Bekasi is in Indonesia.
The city of Karol Bagh is in Syria or the city of Ecatepec de Morelos is in India.,or,FF,0,The city of Karol Bagh is in Syria.,The city of Ecatepec de Morelos is in India.
The city of Seoul is in South Korea or the city of Huangshi is in China.,or,TT,1,The city of Seoul is in South Korea.,The city of Huangshi is in China.
The city of Nyala is in Sudan and the city of Xuchang is in China.,and,TT,1,The city of Nyala is in Sudan.,The city of Xuchang is in China.
The city of Kota Bharu is in Malaysia and the city of Battagram is in Tanzania.,and,TF,0,The city of Kota Bharu is in Malaysia.,The city of Battagram is in Tanzania.
The city of Batam is in Indonesia and the city of Dar es Salaam is in Tanzania.,and,TT,1,The city of Batam is in Indonesia.,The city of Dar es Salaam is in Tanzania.
The city of Visakhapatnam is in Indonesia or the city of Ipoh is in Malaysia.,or,FT,1,The city of Visakhapatnam is in Indonesia.,The city of Ipoh is in Malaysia.
The city of New York City is in the United States and the city of Tiruchirappalli is in Iraq.,and,TF,0,The city of New York City is in the United States.,The city of Tiruchirappalli is in Iraq.
The city of Anyang-si is in South Korea or the city of Budapest is in Iraq.,or,TF,1,The city of Anyang-si is in South Korea.,The city of Budapest is in Iraq.
The city of Antwerpen is in Japan and the city of Grosszschocher is in Germany.,and,FT,0,The city of Antwerpen is in Japan.,The city of Grosszschocher is in Germany.
The city of Zhangye is in Venezuela and the city of Baku is in Ukraine.,and,FF,0,The city of Zhangye is in Venezuela.,The city of Baku is in Ukraine.
The city of Tanggu is in China and the city of Ahvaz is in China.,and,TF,0,The city of Tanggu is in China.,The city of Ahvaz is in China.
The city of Xingtai is in China or the city of Mexicali is in Mexico.,or,TT,1,The city of Xingtai is in China.,The city of Mexicali is in Mexico.
The city of Tangshan is in India or the city of Lianyungang is in China.,or,FT,1,The city of Tangshan is in India.,The city of Lianyungang is in China.
The city of Weihai is in China or the city of Taiz is in Burkina Faso.,or,TF,1,The city of Weihai is in China.,The city of Taiz is in Burkina Faso.
The city of Huainan is in China or the city of Shanghai is in China.,or,TT,1,The city of Huainan is in China.,The city of Shanghai is in China.
The city of Nashik is in India and the city of Vilnius is in China.,and,TF,0,The city of Nashik is in India.,The city of Vilnius is in China.
The city of Sapporo is in Mexico or the city of Guang'an is in China.,or,FT,1,The city of Sapporo is in Mexico.,The city of Guang'an is in China.
The city of Guankou is in Pakistan or the city of Banjarmasin is in South Korea.,or,FF,0,The city of Guankou is in Pakistan.,The city of Banjarmasin is in South Korea.
The city of Sofia is in Bulgaria and the city of Cimahi is in Germany.,and,TF,0,The city of Sofia is in Bulgaria.,The city of Cimahi is in Germany.
The city of Ulan Bator is in Mongolia or the city of Comilla is in Bangladesh.,or,TT,1,The city of Ulan Bator is in Mongolia.,The city of Comilla is in Bangladesh.
The city of Abu Ghurayb is in Iraq and the city of Karol Bagh is in Syria.,and,TF,0,The city of Abu Ghurayb is in Iraq.,The city of Karol Bagh is in Syria.
The city of Jiamusi is in China or the city of Kakamega is in Kenya.,or,TT,1,The city of Jiamusi is in China.,The city of Kakamega is in Kenya.
The city of Aktobe is in Kazakhstan and the city of Eskisehir is in Turkey.,and,TT,1,The city of Aktobe is in Kazakhstan.,The city of Eskisehir is in Turkey.
The city of Weinan is in China and the city of Cape Town is in China.,and,TF,0,The city of Weinan is in China.,The city of Cape Town is in China.
The city of Bhiwandi is in China and the city of Calgary is in India.,and,FF,0,The city of Bhiwandi is in China.,The city of Calgary is in India.
The city of Zibo is in China and the city of Cape Town is in South Africa.,and,TT,1,The city of Zibo is in China.,The city of Cape Town is in South Africa.
The city of Karbala is in Iraq or the city of Aracaju is in Brazil.,or,TT,1,The city of Karbala is in Iraq.,The city of Aracaju is in Brazil.
The city of Penza is in Russia or the city of Dakar is in India.,or,TF,1,The city of Penza is in Russia.,The city of Dakar is in India.
The city of Kota Kinabalu is in the United States or the city of Aparecida de Goiania is in China.,or,FF,0,The city of Kota Kinabalu is in the United States.,The city of Aparecida de Goiania is in China.
The city of Bahawalpur is in China and the city of Kobe is in Japan.,and,FT,0,The city of Bahawalpur is in China.,The city of Kobe is in Japan.
The city of Cimahi is in Indonesia and the city of Yinchuan is in China.,and,TT,1,The city of Cimahi is in Indonesia.,The city of Yinchuan is in China.
The city of Meerut is in Nigeria and the city of Tirunelveli is in China.,and,FF,0,The city of Meerut is in Nigeria.,The city of Tirunelveli is in China.
The city of Chuzhou is in India and the city of Amritsar is in Moldova.,and,FF,0,The city of Chuzhou is in India.,The city of Amritsar is in Moldova.
The city of Quezon City is in the Philippines or the city of Aracaju is in Brazil.,or,TT,1,The city of Quezon City is in the Philippines.,The city of Aracaju is in Brazil.
The city of Jeddah is in Myanmar and the city of Tiruchirappalli is in Iraq.,and,FF,0,The city of Jeddah is in Myanmar.,The city of Tiruchirappalli is in Iraq.
The city of Shiraz is in Iran and the city of Ludhiana is in India.,and,TT,1,The city of Shiraz is in Iran.,The city of Ludhiana is in India.
The city of Novokuznetsk is in Russia or the city of Kota Kinabalu is in the United States.,or,TF,1,The city of Novokuznetsk is in Russia.,The city of Kota Kinabalu is in the United States.
The city of Niamey is in China and the city of Aparecida de Goiania is in Brazil.,and,FT,0,The city of Niamey is in China.,The city of Aparecida de Goiania is in Brazil.
The city of Huzhou is in Germany or the city of Harbin is in Russia.,or,FF,0,The city of Huzhou is in Germany.,The city of Harbin is in Russia.
The city of Novokuznetsk is in China and the city of Dar es Salaam is in Italy.,and,FF,0,The city of Novokuznetsk is in China.,The city of Dar es Salaam is in Italy.
The city of Zahedan is in Nicaragua and the city of Winnipeg is in Mexico.,and,FF,0,The city of Zahedan is in Nicaragua.,The city of Winnipeg is in Mexico.
The city of Koeln is in Germany and the city of Port Harcourt is in Nigeria.,and,TT,1,The city of Koeln is in Germany.,The city of Port Harcourt is in Nigeria.
The city of Thane is in India or the city of Urumqi is in China.,or,TT,1,The city of Thane is in India.,The city of Urumqi is in China.
The city of Aracaju is in Brazil and the city of Novosibirsk is in the Philippines.,and,TF,0,The city of Aracaju is in Brazil.,The city of Novosibirsk is in the Philippines.
The city of Omdurman is in Sudan and the city of Mbuji-Mayi is in the Democratic Republic of the Congo.,and,TT,1,The city of Omdurman is in Sudan.,The city of Mbuji-Mayi is in the Democratic Republic of the Congo.
The city of Xinyang is in China and the city of Maracay is in Venezuela.,and,TT,1,The city of Xinyang is in China.,The city of Maracay is in Venezuela.
The city of Orumiyeh is in Iran or the city of Ulsan is in South Korea.,or,TT,1,The city of Orumiyeh is in Iran.,The city of Ulsan is in South Korea.
The city of Jeonju is in the United States and the city of Conakry is in Guinea.,and,FT,0,The city of Jeonju is in the United States.,The city of Conakry is in Guinea.
The city of Bucheon-si is in South Korea or the city of Astrakhan is in Russia.,or,TT,1,The city of Bucheon-si is in South Korea.,The city of Astrakhan is in Russia.
The city of Abuja is in China and the city of Tegucigalpa is in China.,and,FF,0,The city of Abuja is in China.,The city of Tegucigalpa is in China.
The city of Saitama is in India or the city of Bilimora is in Uzbekistan.,or,FF,0,The city of Saitama is in India.,The city of Bilimora is in Uzbekistan.
The city of Gwalior is in China or the city of Adana is in Togo.,or,FF,0,The city of Gwalior is in China.,The city of Adana is in Togo.
The city of Islamabad is in Pakistan or the city of Marseille is in Russia.,or,TF,1,The city of Islamabad is in Pakistan.,The city of Marseille is in Russia.
The city of Khabarovsk is in Russia or the city of Nagpur is in Denmark.,or,TF,1,The city of Khabarovsk is in Russia.,The city of Nagpur is in Denmark.
The city of Homs is in Syria or the city of Zhaotong is in China.,or,TT,1,The city of Homs is in Syria.,The city of Zhaotong is in China.
The city of Dnipro is in Ukraine and the city of Ho Chi Minh City is in Gabon.,and,TF,0,The city of Dnipro is in Ukraine.,The city of Ho Chi Minh City is in Gabon.
The city of Kota Kinabalu is in the United States and the city of Jaboatao dos Guararapes is in Myanmar.,and,FF,0,The city of Kota Kinabalu is in the United States.,The city of Jaboatao dos Guararapes is in Myanmar.
The city of Nowrangapur is in India and the city of Ebute Ikorodu is in Nigeria.,and,TT,1,The city of Nowrangapur is in India.,The city of Ebute Ikorodu is in Nigeria.
The city of Kaduna is in Turkey and the city of Zhabei is in Afghanistan.,and,FF,0,The city of Kaduna is in Turkey.,The city of Zhabei is in Afghanistan.
The city of Khabarovsk is in Saudi Arabia and the city of Arequipa is in India.,and,FF,0,The city of Khabarovsk is in Saudi Arabia.,The city of Arequipa is in India.
The city of Huzhou is in China or the city of Kotli is in the United States.,or,TF,1,The city of Huzhou is in China.,The city of Kotli is in the United States.
The city of Kahriz is in Iran and the city of Chengdu is in South Korea.,and,TF,0,The city of Kahriz is in Iran.,The city of Chengdu is in South Korea.
The city of Daqing is in China or the city of Jabalpur is in Ukraine.,or,TF,1,The city of Daqing is in China.,The city of Jabalpur is in Ukraine.
The city of Aden is in Japan or the city of Bekasi is in Indonesia.,or,FT,1,The city of Aden is in Japan.,The city of Bekasi is in Indonesia.
The city of Puducherry is in Brazil or the city of Feira de Santana is in China.,or,FF,0,The city of Puducherry is in Brazil.,The city of Feira de Santana is in China.
The city of Dalian is in China or the city of Karol Bagh is in India.,or,TT,1,The city of Dalian is in China.,The city of Karol Bagh is in India.
The city of Pikine is in Senegal or the city of Rangpur is in Russia.,or,TF,1,The city of Pikine is in Senegal.,The city of Rangpur is in Russia.
The city of Panshan is in Japan or the city of Tianshui is in China.,or,FT,1,The city of Panshan is in Japan.,The city of Tianshui is in China.
The city of Bursa is in Bosnia and Herzegovina or the city of Xiamen is in China.,or,FT,1,The city of Bursa is in Bosnia and Herzegovina.,The city of Xiamen is in China.
The city of Rangpur is in Russia and the city of Shanghai is in Mexico.,and,FF,0,The city of Rangpur is in Russia.,The city of Shanghai is in Mexico.
The city of Langfang is in India or the city of Zaozhuang is in Belarus.,or,FF,0,The city of Langfang is in India.,The city of Zaozhuang is in Belarus.
The city of Dammam is in Russia and the city of Tangier is in Ecuador.,and,FF,0,The city of Dammam is in Russia.,The city of Tangier is in Ecuador.
The city of Hannover is in Germany and the city of Erode is in China.,and,TF,0,The city of Hannover is in Germany.,The city of Erode is in China.
The city of Nairobi is in Kenya and the city of Voronezh is in Romania.,and,TF,0,The city of Nairobi is in Kenya.,The city of Voronezh is in Romania.
The city of Liaocheng is in China and the city of Dalian is in Saudi Arabia.,and,TF,0,The city of Liaocheng is in China.,The city of Dalian is in Saudi Arabia.
The city of Bengaluru is in India and the city of Guilin is in the Dominican Republic.,and,TF,0,The city of Bengaluru is in India.,The city of Guilin is in the Dominican Republic.
The city of Kryvyy Rih is in China or the city of Neijiang is in Ghana.,or,FF,0,The city of Kryvyy Rih is in China.,The city of Neijiang is in Ghana.
The city of Bayannur is in China or the city of Niigata is in Japan.,or,TT,1,The city of Bayannur is in China.,The city of Niigata is in Japan.
The city of Enugu is in Nigeria and the city of Kozhikode is in the United States.,and,TF,0,The city of Enugu is in Nigeria.,The city of Kozhikode is in the United States.
The city of Lianyungang is in China and the city of Lahore is in China.,and,TF,0,The city of Lianyungang is in China.,The city of Lahore is in China.
The city of Matola is in India or the city of Mersin is in the United States.,or,FF,0,The city of Matola is in India.,The city of Mersin is in the United States.
The city of Kuala Lumpur is in Malaysia and the city of Enugu is in Nigeria.,and,TT,1,The city of Kuala Lumpur is in Malaysia.,The city of Enugu is in Nigeria.
The city of Deyang is in Japan and the city of Lodz is in Poland.,and,FT,0,The city of Deyang is in Japan.,The city of Lodz is in Poland.
The city of Matsuyama is in Japan and the city of Port Said is in China.,and,TF,0,The city of Matsuyama is in Japan.,The city of Port Said is in China.
The city of Weihai is in Russia and the city of Contagem is in Indonesia.,and,FF,0,The city of Weihai is in Russia.,The city of Contagem is in Indonesia.
The city of Sevastopol is in Ukraine and the city of Tangerang is in Indonesia.,and,TT,1,The city of Sevastopol is in Ukraine.,The city of Tangerang is in Indonesia.
The city of Mandalay is in Algeria and the city of Jiujiang is in China.,and,FT,0,The city of Mandalay is in Algeria.,The city of Jiujiang is in China.
The city of Isfahan is in China or the city of Hamadan is in Pakistan.,or,FF,0,The city of Isfahan is in China.,The city of Hamadan is in Pakistan.
The city of Thuan An is in Vietnam and the city of Zhuzhou is in China.,and,TT,1,The city of Thuan An is in Vietnam.,The city of Zhuzhou is in China.
The city of Puning is in China and the city of Ta'if is in Saudi Arabia.,and,TT,1,The city of Puning is in China.,The city of Ta'if is in Saudi Arabia.
The city of Zaria is in India or the city of Suizhou is in Japan.,or,FF,0,The city of Zaria is in India.,The city of Suizhou is in Japan.
The city of Erode is in China or the city of Brazzaville is in the Republic of the Congo.,or,FT,1,The city of Erode is in China.,The city of Brazzaville is in the Republic of the Congo.
The city of Surat is in India and the city of Hubli is in Indonesia.,and,TF,0,The city of Surat is in India.,The city of Hubli is in Indonesia.
The city of South Tangerang is in Indonesia or the city of Maracaibo is in Venezuela.,or,TT,1,The city of South Tangerang is in Indonesia.,The city of Maracaibo is in Venezuela.
The city of Shubra al Khaymah is in Nigeria and the city of Contagem is in Indonesia.,and,FF,0,The city of Shubra al Khaymah is in Nigeria.,The city of Contagem is in Indonesia.
The city of Hamamatsu is in Russia or the city of Kaifeng is in China.,or,FT,1,The city of Hamamatsu is in Russia.,The city of Kaifeng is in China.
The city of Santo Domingo Este is in the Dominican Republic and the city of Marrakesh is in Malaysia.,and,TF,0,The city of Santo Domingo Este is in the Dominican Republic.,The city of Marrakesh is in Malaysia.
The city of Jinan is in China and the city of Can Tho is in Venezuela.,and,TF,0,The city of Jinan is in China.,The city of Can Tho is in Venezuela.
The city of Madurai is in Burundi or the city of Cimahi is in Indonesia.,or,FT,1,The city of Madurai is in Burundi.,The city of Cimahi is in Indonesia.
The city of Esenler is in India and the city of Baghdad is in China.,and,FF,0,The city of Esenler is in India.,The city of Baghdad is in China.
The city of Arequipa is in Peru or the city of Seattle is in the United States.,or,TT,1,The city of Arequipa is in Peru.,The city of Seattle is in the United States.
The city of Rawalpindi is in Pakistan and the city of Changde is in Mexico.,and,TF,0,The city of Rawalpindi is in Pakistan.,The city of Changde is in Mexico.
The city of Kampala is in Turkey or the city of Konya is in Russia.,or,FF,0,The city of Kampala is in Turkey.,The city of Konya is in Russia.
The city of Cheongju-si is in India or the city of Banjarmasin is in Indonesia.,or,FT,1,The city of Cheongju-si is in India.,The city of Banjarmasin is in Indonesia.
The city of Al Mahallah al Kubra is in Afghanistan and the city of Binzhou is in China.,and,FT,0,The city of Al Mahallah al Kubra is in Afghanistan.,The city of Binzhou is in China.
The city of Libreville is in the United States or the city of Gold Coast is in China.,or,FF,0,The city of Libreville is in the United States.,The city of Gold Coast is in China.
The city of Kandahar is in Afghanistan or the city of Kota Bharu is in Norway.,or,TF,1,The city of Kandahar is in Afghanistan.,The city of Kota Bharu is in Norway.
The city of Jiujiang is in China and the city of Thuan An is in Vietnam.,and,TT,1,The city of Jiujiang is in China.,The city of Thuan An is in Vietnam.
The city of Torreon is in Mexico and the city of Enugu is in South Korea.,and,TF,0,The city of Torreon is in Mexico.,The city of Enugu is in South Korea.
The city of Yongzhou is in Ukraine and the city of Antalya is in Turkey.,and,FT,0,The city of Yongzhou is in Ukraine.,The city of Antalya is in Turkey.
The city of Maoming is in China or the city of Multan is in Pakistan.,or,TT,1,The city of Maoming is in China.,The city of Multan is in Pakistan.
The city of Multan is in Pakistan or the city of Kunshan is in Russia.,or,TF,1,The city of Multan is in Pakistan.,The city of Kunshan is in Russia.
The city of Pekanbaru is in India and the city of New Kingston is in Jamaica.,and,FT,0,The city of Pekanbaru is in India.,The city of New Kingston is in Jamaica.
The city of Ningbo is in South Korea and the city of Zhaoqing is in China.,and,FT,0,The city of Ningbo is in South Korea.,The city of Zhaoqing is in China.
The city of Shenzhen is in China and the city of Bengaluru is in India.,and,TT,1,The city of Shenzhen is in China.,The city of Bengaluru is in India.
The city of Duesseldorf is in Mexico and the city of Chongqing is in China.,and,FT,0,The city of Duesseldorf is in Mexico.,The city of Chongqing is in China.
The city of Yinchuan is in China and the city of Guankou is in Pakistan.,and,TF,0,The city of Yinchuan is in China.,The city of Guankou is in Pakistan.
The city of Bekasi is in China or the city of Xiamen is in Pakistan.,or,FF,0,The city of Bekasi is in China.,The city of Xiamen is in Pakistan.
The city of Zhaoqing is in Brazil or the city of Semarang is in Indonesia.,or,FT,1,The city of Zhaoqing is in Brazil.,The city of Semarang is in Indonesia.
The city of Ouagadougou is in Burkina Faso or the city of Suwon is in South Korea.,or,TT,1,The city of Ouagadougou is in Burkina Faso.,The city of Suwon is in South Korea.
The city of San Luis Potosi is in Mexico and the city of Kinshasa is in the Democratic Republic of the Congo.,and,TT,1,The city of San Luis Potosi is in Mexico.,The city of Kinshasa is in the Democratic Republic of the Congo.
The city of Fukuoka is in Senegal and the city of Mersin is in Turkey.,and,FT,0,The city of Fukuoka is in Senegal.,The city of Mersin is in Turkey.
The city of Ulsan is in South Korea and the city of Sokoto is in Nigeria.,and,TT,1,The city of Ulsan is in South Korea.,The city of Sokoto is in Nigeria.
The city of Ashgabat is in Bangladesh or the city of Porto Alegre is in Brazil.,or,FT,1,The city of Ashgabat is in Bangladesh.,The city of Porto Alegre is in Brazil.
The city of Ulan Bator is in Mongolia and the city of Rahim Yar Khan is in Pakistan.,and,TT,1,The city of Ulan Bator is in Mongolia.,The city of Rahim Yar Khan is in Pakistan.
The city of Rajshahi is in Russia or the city of Port Said is in China.,or,FF,0,The city of Rajshahi is in Russia.,The city of Port Said is in China.
The city of Zaozhuang is in Belarus and the city of Contagem is in Brazil.,and,FT,0,The city of Zaozhuang is in Belarus.,The city of Contagem is in Brazil.
The city of Pune is in India and the city of Asansol is in India.,and,TT,1,The city of Pune is in India.,The city of Asansol is in India.
The city of Shizuoka is in Japan and the city of Rajshahi is in Russia.,and,TF,0,The city of Shizuoka is in Japan.,The city of Rajshahi is in Russia.
The city of Balikpapan is in Japan and the city of Hamhung is in China.,and,FF,0,The city of Balikpapan is in Japan.,The city of Hamhung is in China.
The city of Erbil is in Cuba and the city of Gwalior is in China.,and,FF,0,The city of Erbil is in Cuba.,The city of Gwalior is in China.
The city of Nyala is in Mozambique or the city of Maputo is in Japan.,or,FF,0,The city of Nyala is in Mozambique.,The city of Maputo is in Japan.
The city of Rawalpindi is in Pakistan or the city of Lviv is in China.,or,TF,1,The city of Rawalpindi is in Pakistan.,The city of Lviv is in China.
The city of Guiyang is in South Korea and the city of Multan is in Ecuador.,and,FF,0,The city of Guiyang is in South Korea.,The city of Multan is in Ecuador.
The city of Peshawar is in Tanzania or the city of Tolyatti is in Russia.,or,FT,1,The city of Peshawar is in Tanzania.,The city of Tolyatti is in Russia.
The city of Linfen is in India and the city of Visakhapatnam is in India.,and,FT,0,The city of Linfen is in India.,The city of Visakhapatnam is in India.
The city of Chaozhou is in South Korea and the city of Wanzhou is in India.,and,FF,0,The city of Chaozhou is in South Korea.,The city of Wanzhou is in India.
The city of Ludhiana is in Togo or the city of Multan is in Ecuador.,or,FF,0,The city of Ludhiana is in Togo.,The city of Multan is in Ecuador.
The city of Krasnodar is in Russia and the city of Campos dos Goytacazes is in Vietnam.,and,TF,0,The city of Krasnodar is in Russia.,The city of Campos dos Goytacazes is in Vietnam.
The city of Xiamen is in Pakistan or the city of Beirut is in Algeria.,or,FF,0,The city of Xiamen is in Pakistan.,The city of Beirut is in Algeria.
The city of Bhiwandi is in India and the city of Tolyatti is in Ghana.,and,TF,0,The city of Bhiwandi is in India.,The city of Tolyatti is in Ghana.
The city of Bhayandar is in India or the city of Nasiriyah is in Rwanda.,or,TF,1,The city of Bhayandar is in India.,The city of Nasiriyah is in Rwanda.
The city of Fushun is in Mexico or the city of Ma'anshan is in India.,or,FF,0,The city of Fushun is in Mexico.,The city of Ma'anshan is in India.
The city of Ghaziabad is in India or the city of Guiyang is in South Korea.,or,TF,1,The city of Ghaziabad is in India.,The city of Guiyang is in South Korea.
The city of Bagcilar is in Turkey and the city of Calgary is in Canada.,and,TT,1,The city of Bagcilar is in Turkey.,The city of Calgary is in Canada.
The city of Aleppo is in China and the city of Hanzhong is in Iran.,and,FF,0,The city of Aleppo is in China.,The city of Hanzhong is in Iran.
The city of Bahawalpur is in China and the city of Haiphong is in the Dominican Republic.,and,FF,0,The city of Bahawalpur is in China.,The city of Haiphong is in the Dominican Republic.
The city of Cankaya is in the United States and the city of Kampung Baru Subang is in Malaysia.,and,FT,0,The city of Cankaya is in the United States.,The city of Kampung Baru Subang is in Malaysia.
The city of Eskisehir is in China or the city of Kryvyy Rih is in China.,or,FF,0,The city of Eskisehir is in China.,The city of Kryvyy Rih is in China.
The city of Frankfurt am Main is in Germany or the city of Seattle is in Yemen.,or,TF,1,The city of Frankfurt am Main is in Germany.,The city of Seattle is in Yemen.
The city of Bujumbura is in Nigeria or the city of Tonghua is in China.,or,FT,1,The city of Bujumbura is in Nigeria.,The city of Tonghua is in China.
The city of Yongzhou is in Ukraine and the city of Tucson is in the United States.,and,FT,0,The city of Yongzhou is in Ukraine.,The city of Tucson is in the United States.
The city of Jalandhar is in India and the city of Ziyang is in Belgium.,and,TF,0,The city of Jalandhar is in India.,The city of Ziyang is in Belgium.
The city of Ribeirao Preto is in China and the city of Curitiba is in India.,and,FF,0,The city of Ribeirao Preto is in China.,The city of Curitiba is in India.
The city of Nanning is in China and the city of Kahriz is in Uzbekistan.,and,TF,0,The city of Nanning is in China.,The city of Kahriz is in Uzbekistan.
The city of San Miguel de Tucuman is in China and the city of Mexicali is in Mexico.,and,FT,0,The city of San Miguel de Tucuman is in China.,The city of Mexicali is in Mexico.
The city of Contagem is in Brazil or the city of Chongqing is in Sweden.,or,TF,1,The city of Contagem is in Brazil.,The city of Chongqing is in Sweden.
The city of Gold Coast is in Australia or the city of Sanaa is in China.,or,TF,1,The city of Gold Coast is in Australia.,The city of Sanaa is in China.
The city of Klang is in Malaysia or the city of Kimhae is in Senegal.,or,TF,1,The city of Klang is in Malaysia.,The city of Kimhae is in Senegal.
The city of Al Mawsil al Jadidah is in India or the city of Lipetsk is in China.,or,FF,0,The city of Al Mawsil al Jadidah is in India.,The city of Lipetsk is in China.
The city of Yaounde is in China and the city of Khabarovsk is in Saudi Arabia.,and,FF,0,The city of Yaounde is in China.,The city of Khabarovsk is in Saudi Arabia.
The city of Lanzhou is in China and the city of Gwalior is in India.,and,TT,1,The city of Lanzhou is in China.,The city of Gwalior is in India.
The city of Kunming is in Mexico and the city of Kyoto is in Japan.,and,FT,0,The city of Kunming is in Mexico.,The city of Kyoto is in Japan.
The city of Zhabei is in Afghanistan and the city of Curitiba is in India.,and,FF,0,The city of Zhabei is in Afghanistan.,The city of Curitiba is in India.
The city of Ufa is in South Korea or the city of Malacca is in Malaysia.,or,FT,1,The city of Ufa is in South Korea.,The city of Malacca is in Malaysia.
The city of Dombivli is in India or the city of Herat is in Afghanistan.,or,TT,1,The city of Dombivli is in India.,The city of Herat is in Afghanistan.
The city of Longyan is in China or the city of Niigata is in Japan.,or,TT,1,The city of Longyan is in China.,The city of Niigata is in Japan.
The city of Aparecida de Goiania is in Brazil or the city of Kharkiv is in Moldova.,or,TF,1,The city of Aparecida de Goiania is in Brazil.,The city of Kharkiv is in Moldova.
The city of Contagem is in Indonesia or the city of Tiruppur is in India.,or,FT,1,The city of Contagem is in Indonesia.,The city of Tiruppur is in India.
The city of Zagreb is in Croatia and the city of Lanzhou is in Mexico.,and,TF,0,The city of Zagreb is in Croatia.,The city of Lanzhou is in Mexico.
The city of Can Tho is in Venezuela or the city of Pontianak is in Indonesia.,or,FT,1,The city of Can Tho is in Venezuela.,The city of Pontianak is in Indonesia.
The city of Nashik is in China or the city of Bouake is in Côte d'Ivoire.,or,FT,1,The city of Nashik is in China.,The city of Bouake is in Côte d'Ivoire.
The city of Volgograd is in Nigeria or the city of Maiduguri is in Nigeria.,or,FT,1,The city of Volgograd is in Nigeria.,The city of Maiduguri is in Nigeria.
The city of Mbuji-Mayi is in the Democratic Republic of the Congo and the city of Suwon is in South Korea.,and,TT,1,The city of Mbuji-Mayi is in the Democratic Republic of the Congo.,The city of Suwon is in South Korea.
The city of Conakry is in Belarus and the city of Gaziantep is in Mexico.,and,FF,0,The city of Conakry is in Belarus.,The city of Gaziantep is in Mexico.
The city of Rizhao is in China and the city of Vladivostok is in Romania.,and,TF,0,The city of Rizhao is in China.,The city of Vladivostok is in Romania.
The city of Guiyang is in China and the city of Oslo is in Venezuela.,and,TF,0,The city of Guiyang is in China.,The city of Oslo is in Venezuela.
The city of Latakia is in Syria or the city of Wanxian is in Algeria.,or,TF,1,The city of Latakia is in Syria.,The city of Wanxian is in Algeria.
The city of Zhumadian is in China or the city of Neijiang is in Ghana.,or,TF,1,The city of Zhumadian is in China.,The city of Neijiang is in Ghana.
The city of Kolhapur is in Mozambique and the city of Xianning is in Lebanon.,and,FF,0,The city of Kolhapur is in Mozambique.,The city of Xianning is in Lebanon.
The city of Kimhae is in Senegal or the city of Khabarovsk Vtoroy is in China.,or,FF,0,The city of Kimhae is in Senegal.,The city of Khabarovsk Vtoroy is in China.
The city of Bishkek is in Germany or the city of Soweto is in South Africa.,or,FT,1,The city of Bishkek is in Germany.,The city of Soweto is in South Africa.
The city of Hefei is in China or the city of Puente Alto is in China.,or,TF,1,The city of Hefei is in China.,The city of Puente Alto is in China.
The city of Ashgabat is in Turkmenistan or the city of E'zhou is in China.,or,TT,1,The city of Ashgabat is in Turkmenistan.,The city of E'zhou is in China.
The city of Zhangye is in Venezuela and the city of Bogor is in South Korea.,and,FF,0,The city of Zhangye is in Venezuela.,The city of Bogor is in South Korea.
The city of Hubli is in Indonesia or the city of Cape Town is in South Africa.,or,FT,1,The city of Hubli is in Indonesia.,The city of Cape Town is in South Africa.
The city of Santiago de los Caballeros is in the Dominican Republic or the city of Ya'an is in Morocco.,or,TF,1,The city of Santiago de los Caballeros is in the Dominican Republic.,The city of Ya'an is in Morocco.
The city of Zhaoqing is in Brazil and the city of Benoni is in the Philippines.,and,FF,0,The city of Zhaoqing is in Brazil.,The city of Benoni is in the Philippines.
The city of South Tangerang is in Indonesia or the city of Chuzhou is in China.,or,TT,1,The city of South Tangerang is in Indonesia.,The city of Chuzhou is in China.
The city of Guankou is in China or the city of Shymkent is in Kazakhstan.,or,TT,1,The city of Guankou is in China.,The city of Shymkent is in Kazakhstan.
The city of Jamshedpur is in China and the city of Herat is in China.,and,FF,0,The city of Jamshedpur is in China.,The city of Herat is in China.
The city of Riga is in Latvia or the city of Xiangtan is in Brazil.,or,TF,1,The city of Riga is in Latvia.,The city of Xiangtan is in Brazil.
The city of Denpasar is in Brazil and the city of Barnaul is in South Africa.,and,FF,0,The city of Denpasar is in Brazil.,The city of Barnaul is in South Africa.
The city of Muzaffarabad is in China or the city of Bobo-Dioulasso is in China.,or,FF,0,The city of Muzaffarabad is in China.,The city of Bobo-Dioulasso is in China.
The city of Tanggu is in China and the city of Jiamusi is in Germany.,and,TF,0,The city of Tanggu is in China.,The city of Jiamusi is in Germany.
The city of Kano is in China or the city of Battagram is in Tanzania.,or,FF,0,The city of Kano is in China.,The city of Battagram is in Tanzania.
The city of Xuchang is in Japan or the city of Abobo is in Côte d'Ivoire.,or,FT,1,The city of Xuchang is in Japan.,The city of Abobo is in Côte d'Ivoire.
The city of Dubai is in the United States and the city of Anqing is in Brazil.,and,FF,0,The city of Dubai is in the United States.,The city of Anqing is in Brazil.
The city of Bilimora is in India and the city of Albuquerque is in the United States.,and,TT,1,The city of Bilimora is in India.,The city of Albuquerque is in the United States.
The city of Hiroshima is in Japan or the city of Ufa is in South Korea.,or,TF,1,The city of Hiroshima is in Japan.,The city of Ufa is in South Korea.
The city of Kunshan is in China or the city of Petaling Jaya is in Bosnia and Herzegovina.,or,TF,1,The city of Kunshan is in China.,The city of Petaling Jaya is in Bosnia and Herzegovina.
The city of Cancun is in Mexico or the city of Ludhiana is in India.,or,TT,1,The city of Cancun is in Mexico.,The city of Ludhiana is in India.
The city of Jeonju is in the United States and the city of Sharjah is in China.,and,FF,0,The city of Jeonju is in the United States.,The city of Sharjah is in China.
The city of Guatemala City is in Croatia and the city of Kleinzschocher is in Brazil.,and,FF,0,The city of Guatemala City is in Croatia.,The city of Kleinzschocher is in Brazil.
The city of Bengbu is in India or the city of Arak is in India.,or,FF,0,The city of Bengbu is in India.,The city of Arak is in India.
The city of Tangier is in Ecuador or the city of Rawalpindi is in Pakistan.,or,FT,1,The city of Tangier is in Ecuador.,The city of Rawalpindi is in Pakistan.
The city of Chattogram is in China and the city of Urumqi is in China.,and,FT,0,The city of Chattogram is in China.,The city of Urumqi is in China.
The city of Sorocaba is in Brazil and the city of Bhilai is in India.,and,TT,1,The city of Sorocaba is in Brazil.,The city of Bhilai is in India.
The city of Gujranwala is in China and the city of Baise is in Japan.,and,FF,0,The city of Gujranwala is in China.,The city of Baise is in Japan.
The city of Khabarovsk Vtoroy is in Russia and the city of Navi Mumbai is in China.,and,TF,0,The city of Khabarovsk Vtoroy is in Russia.,The city of Navi Mumbai is in China.
The city of Chenzhou is in Brazil or the city of Kimhae is in South Korea.,or,FT,1,The city of Chenzhou is in Brazil.,The city of Kimhae is in South Korea.
The city of Huaibei is in China or the city of Borivli is in India.,or,TT,1,The city of Huaibei is in China.,The city of Borivli is in India.
The city of Guangyuan is in China or the city of Daqing is in China.,or,TT,1,The city of Guangyuan is in China.,The city of Daqing is in China.
The city of Omdurman is in South Korea or the city of General Santos is in China.,or,FF,0,The city of Omdurman is in South Korea.,The city of General Santos is in China.
The city of Basrah is in Iraq or the city of Jeonju is in South Korea.,or,TT,1,The city of Basrah is in Iraq.,The city of Jeonju is in South Korea.
The city of Bekasi is in China or the city of Yangon is in Myanmar.,or,FT,1,The city of Bekasi is in China.,The city of Yangon is in Myanmar.
The city of Guankou is in Pakistan or the city of Guatemala City is in Croatia.,or,FF,0,The city of Guankou is in Pakistan.,The city of Guatemala City is in Croatia.
The city of Latakia is in Somalia or the city of Sarajevo is in Bosnia and Herzegovina.,or,FT,1,The city of Latakia is in Somalia.,The city of Sarajevo is in Bosnia and Herzegovina.
The city of Adana is in Turkey or the city of Asansol is in China.,or,TF,1,The city of Adana is in Turkey.,The city of Asansol is in China.
The city of Nizhniy Novgorod is in China and the city of Khartoum is in China.,and,FF,0,The city of Nizhniy Novgorod is in China.,The city of Khartoum is in China.
The city of Mbuji-Mayi is in the Democratic Republic of the Congo and the city of Multan is in Pakistan.,and,TT,1,The city of Mbuji-Mayi is in the Democratic Republic of the Congo.,The city of Multan is in Pakistan.
The city of Brasilia is in Brazil or the city of Copenhagen is in Denmark.,or,TT,1,The city of Brasilia is in Brazil.,The city of Copenhagen is in Denmark.
The city of Ankara is in Turkey or the city of Santiago de los Caballeros is in the Dominican Republic.,or,TT,1,The city of Ankara is in Turkey.,The city of Santiago de los Caballeros is in the Dominican Republic.
The city of Taiz is in Yemen or the city of Qinzhou is in India.,or,TF,1,The city of Taiz is in Yemen.,The city of Qinzhou is in India.
The city of Antalya is in Germany or the city of Shaoxing is in the Philippines.,or,FF,0,The city of Antalya is in Germany.,The city of Shaoxing is in the Philippines.
The city of Asuncion is in Nigeria and the city of Nyala is in Sudan.,and,FT,0,The city of Asuncion is in Nigeria.,The city of Nyala is in Sudan.
The city of Callao is in Peru or the city of Kimhae is in Senegal.,or,TF,1,The city of Callao is in Peru.,The city of Kimhae is in Senegal.
The city of Xuanzhou is in Tanzania and the city of Erode is in India.,and,FT,0,The city of Xuanzhou is in Tanzania.,The city of Erode is in India.
The city of Kyoto is in Japan or the city of Kolhapur is in Mozambique.,or,TF,1,The city of Kyoto is in Japan.,The city of Kolhapur is in Mozambique.
The city of Guiyang is in China or the city of Pikine is in Pakistan.,or,TF,1,The city of Guiyang is in China.,The city of Pikine is in Pakistan.
The city of Karol Bagh is in Syria and the city of Gwalior is in India.,and,FT,0,The city of Karol Bagh is in Syria.,The city of Gwalior is in India.
The city of Chaozhou is in South Korea and the city of Sofia is in South Korea.,and,FF,0,The city of Chaozhou is in South Korea.,The city of Sofia is in South Korea.
The city of Tianshui is in China and the city of Leipzig is in Russia.,and,TF,0,The city of Tianshui is in China.,The city of Leipzig is in Russia.
The city of Jabalpur is in India or the city of Rizhao is in China.,or,TT,1,The city of Jabalpur is in India.,The city of Rizhao is in China.
The city of Irbid is in India or the city of Bahcelievler is in Turkey.,or,FT,1,The city of Irbid is in India.,The city of Bahcelievler is in Turkey.
The city of Shah Alam is in China and the city of Guayaquil is in Ecuador.,and,FT,0,The city of Shah Alam is in China.,The city of Guayaquil is in Ecuador.
The city of Lanzhou is in Mexico and the city of Hangzhou is in China.,and,FT,0,The city of Lanzhou is in Mexico.,The city of Hangzhou is in China.
The city of Bokaro is in China or the city of Hezhou is in China.,or,FT,1,The city of Bokaro is in China.,The city of Hezhou is in China.
The city of Santa Maria Chimalhuacan is in Mexico and the city of Aparecida de Goiania is in Brazil.,and,TT,1,The city of Santa Maria Chimalhuacan is in Mexico.,The city of Aparecida de Goiania is in Brazil.
The city of Kawaguchi is in Indonesia and the city of Xuchang is in Japan.,and,FF,0,The city of Kawaguchi is in Indonesia.,The city of Xuchang is in Japan.
The city of Kuantan is in Malaysia or the city of Almaty is in Kazakhstan.,or,TT,1,The city of Kuantan is in Malaysia.,The city of Almaty is in Kazakhstan.
The city of Jaboatao dos Guararapes is in Myanmar and the city of Ordos is in China.,and,FT,0,The city of Jaboatao dos Guararapes is in Myanmar.,The city of Ordos is in China.
The city of Kolhapur is in India or the city of Paranaque City is in India.,or,TF,1,The city of Kolhapur is in India.,The city of Paranaque City is in India.
The city of Port Said is in China or the city of Ribeirao Preto is in Brazil.,or,FT,1,The city of Port Said is in China.,The city of Ribeirao Preto is in Brazil.
The city of Shijiazhuang is in Uzbekistan and the city of Rio de Janeiro is in Japan.,and,FF,0,The city of Shijiazhuang is in Uzbekistan.,The city of Rio de Janeiro is in Japan.
The city of Ahmedabad is in India and the city of Douala is in Russia.,and,TF,0,The city of Ahmedabad is in India.,The city of Douala is in Russia.
The city of Shantou is in Pakistan or the city of Fuxin is in China.,or,FT,1,The city of Shantou is in Pakistan.,The city of Fuxin is in China.
The city of Peshawar is in Pakistan or the city of Puducherry is in Brazil.,or,TF,1,The city of Peshawar is in Pakistan.,The city of Puducherry is in Brazil.
The city of Munich is in China or the city of Shangrao is in China.,or,FT,1,The city of Munich is in China.,The city of Shangrao is in China.
The city of Busan is in Brazil and the city of Hamadan is in Pakistan.,and,FF,0,The city of Busan is in Brazil.,The city of Hamadan is in Pakistan.
The city of Ordos is in Brazil and the city of Zunyi is in Senegal.,and,FF,0,The city of Ordos is in Brazil.,The city of Zunyi is in Senegal.
The city of Madurai is in Burundi and the city of Anyang is in China.,and,FT,0,The city of Madurai is in Burundi.,The city of Anyang is in China.
The city of Maturin is in Venezuela or the city of Huzhou is in Germany.,or,TF,1,The city of Maturin is in Venezuela.,The city of Huzhou is in Germany.
The city of Xingtai is in China or the city of Lodz is in the Dominican Republic.,or,TF,1,The city of Xingtai is in China.,The city of Lodz is in the Dominican Republic.
The city of Amman is in Malaysia and the city of Bengbu is in India.,and,FF,0,The city of Amman is in Malaysia.,The city of Bengbu is in India.
The city of Port Said is in Egypt and the city of Vladivostok is in Russia.,and,TT,1,The city of Port Said is in Egypt.,The city of Vladivostok is in Russia.
The city of Chattogram is in Bangladesh or the city of Nyala is in Sudan.,or,TT,1,The city of Chattogram is in Bangladesh.,The city of Nyala is in Sudan.
The city of Aguascalientes is in Mexico or the city of Lodz is in the Dominican Republic.,or,TF,1,The city of Aguascalientes is in Mexico.,The city of Lodz is in the Dominican Republic.
The city of Beijing is in Ghana or the city of Port Said is in Egypt.,or,FT,1,The city of Beijing is in Ghana.,The city of Port Said is in Egypt.
"The city of Mianzhu, Deyang, Sichuan is in India or the city of Khabarovsk is in Russia.",or,FT,1,"The city of Mianzhu, Deyang, Sichuan is in India.",The city of Khabarovsk is in Russia.
The city of Subang Jaya is in Malaysia and the city of Faisalabad is in India.,and,TF,0,The city of Subang Jaya is in Malaysia.,The city of Faisalabad is in India.
The city of Istanbul is in Turkey and the city of Karachi is in Pakistan.,and,TT,1,The city of Istanbul is in Turkey.,The city of Karachi is in Pakistan.
The city of Barquisimeto is in Venezuela and the city of Jiamusi is in Germany.,and,TF,0,The city of Barquisimeto is in Venezuela.,The city of Jiamusi is in Germany.
The city of Mexicali is in Mexico or the city of Accra is in Ghana.,or,TT,1,The city of Mexicali is in Mexico.,The city of Accra is in Ghana.
The city of Maturin is in Venezuela and the city of Aguascalientes is in China.,and,TF,0,The city of Maturin is in Venezuela.,The city of Aguascalientes is in China.
The city of Hegang is in Russia or the city of Cotonou is in China.,or,FF,0,The city of Hegang is in Russia.,The city of Cotonou is in China.
The city of Munich is in China or the city of Solapur is in India.,or,FT,1,The city of Munich is in China.,The city of Solapur is in India.
The city of Omdurman is in South Korea or the city of Bauchi is in Iran.,or,FF,0,The city of Omdurman is in South Korea.,The city of Bauchi is in Iran.
The city of Kisangani is in China or the city of Koeln is in Germany.,or,FT,1,The city of Kisangani is in China.,The city of Koeln is in Germany.
The city of Jeddah is in Myanmar or the city of Zhengzhou is in China.,or,FT,1,The city of Jeddah is in Myanmar.,The city of Zhengzhou is in China.
The city of Laibin is in China and the city of Kobe is in China.,and,TF,0,The city of Laibin is in China.,The city of Kobe is in China.
The city of Kharkiv is in Ukraine and the city of Ningbo is in South Korea.,and,TF,0,The city of Kharkiv is in Ukraine.,The city of Ningbo is in South Korea.
The city of Dalian is in Saudi Arabia and the city of Pasig City is in Morocco.,and,FF,0,The city of Dalian is in Saudi Arabia.,The city of Pasig City is in Morocco.
The city of Lodz is in Poland and the city of Dalian is in China.,and,TT,1,The city of Lodz is in Poland.,The city of Dalian is in China.
The city of Shymkent is in Kazakhstan or the city of Saitama is in Japan.,or,TT,1,The city of Shymkent is in Kazakhstan.,The city of Saitama is in Japan.
The city of Hefei is in Germany or the city of Malatya is in Russia.,or,FF,0,The city of Hefei is in Germany.,The city of Malatya is in Russia.
The city of Shangyu is in the United Arab Emirates and the city of Tashkent is in Mexico.,and,FF,0,The city of Shangyu is in the United Arab Emirates.,The city of Tashkent is in Mexico.
The city of Ashgabat is in Bangladesh or the city of Homs is in Syria.,or,FT,1,The city of Ashgabat is in Bangladesh.,The city of Homs is in Syria.
The city of Ma'anshan is in China and the city of Shizuoka is in Japan.,and,TT,1,The city of Ma'anshan is in China.,The city of Shizuoka is in Japan.
The city of Lodz is in Poland and the city of Xiaogan is in China.,and,TT,1,The city of Lodz is in Poland.,The city of Xiaogan is in China.
The city of Nova Iguacu is in Brazil or the city of Guigang is in China.,or,TT,1,The city of Nova Iguacu is in Brazil.,The city of Guigang is in China.
The city of Subang Jaya is in Malaysia and the city of Multan is in Ecuador.,and,TF,0,The city of Subang Jaya is in Malaysia.,The city of Multan is in Ecuador.
The city of Soweto is in South Africa and the city of Yaroslavl is in India.,and,TF,0,The city of Soweto is in South Africa.,The city of Yaroslavl is in India.
The city of Huizhou is in the United States and the city of Amravati is in China.,and,FF,0,The city of Huizhou is in the United States.,The city of Amravati is in China.
The city of Harbin is in China or the city of Ouagadougou is in China.,or,TF,1,The city of Harbin is in China.,The city of Ouagadougou is in China.
The city of Niigata is in Yemen or the city of E'zhou is in China.,or,FT,1,The city of Niigata is in Yemen.,The city of E'zhou is in China.
The city of Rui'an is in Indonesia or the city of Ajmer is in Russia.,or,FF,0,The city of Rui'an is in Indonesia.,The city of Ajmer is in Russia.
The city of Urumqi is in China and the city of Yiwu is in India.,and,TF,0,The city of Urumqi is in China.,The city of Yiwu is in India.
The city of Maputo is in Japan or the city of Lahore is in Pakistan.,or,FT,1,The city of Maputo is in Japan.,The city of Lahore is in Pakistan.
The city of Nanchong is in China and the city of Harare is in Turkey.,and,TF,0,The city of Nanchong is in China.,The city of Harare is in Turkey.
The city of Gaziantep is in Turkey and the city of Brazzaville is in Nigeria.,and,TF,0,The city of Gaziantep is in Turkey.,The city of Brazzaville is in Nigeria.
The city of Warri is in China or the city of Suwon is in South Korea.,or,FT,1,The city of Warri is in China.,The city of Suwon is in South Korea.
The city of Munich is in China and the city of Buraydah is in Rwanda.,and,FF,0,The city of Munich is in China.,The city of Buraydah is in Rwanda.
The city of Ta'if is in Venezuela and the city of Curitiba is in Brazil.,and,FT,0,The city of Ta'if is in Venezuela.,The city of Curitiba is in Brazil.
The city of Al Hudaydah is in Yemen and the city of Zhaoqing is in China.,and,TT,1,The city of Al Hudaydah is in Yemen.,The city of Zhaoqing is in China.
The city of Al Hudaydah is in Yemen or the city of Cimahi is in Indonesia.,or,TT,1,The city of Al Hudaydah is in Yemen.,The city of Cimahi is in Indonesia.
The city of Baotou is in China and the city of Hwaseong-si is in Brazil.,and,TF,0,The city of Baotou is in China.,The city of Hwaseong-si is in Brazil.
The city of Rohini is in Russia and the city of Calgary is in India.,and,FF,0,The city of Rohini is in Russia.,The city of Calgary is in India.
The city of Ganzhou is in China and the city of Tegucigalpa is in Honduras.,and,TT,1,The city of Ganzhou is in China.,The city of Tegucigalpa is in Honduras.
The city of Linfen is in India or the city of Bucaramanga is in Brazil.,or,FF,0,The city of Linfen is in India.,The city of Bucaramanga is in Brazil.
The city of Antalya is in Germany or the city of Dar es Salaam is in Tanzania.,or,FT,1,The city of Antalya is in Germany.,The city of Dar es Salaam is in Tanzania.
The city of Kathmandu is in China and the city of Leipzig is in Germany.,and,FT,0,The city of Kathmandu is in China.,The city of Leipzig is in Germany.
The city of Chengdu is in China and the city of Cancun is in Mexico.,and,TT,1,The city of Chengdu is in China.,The city of Cancun is in Mexico.
The city of Taicang is in China or the city of Shangluo is in Honduras.,or,TF,1,The city of Taicang is in China.,The city of Shangluo is in Honduras.
The city of Kakamega is in Russia or the city of Bobo-Dioulasso is in Burkina Faso.,or,FT,1,The city of Kakamega is in Russia.,The city of Bobo-Dioulasso is in Burkina Faso.
The city of Aparecida de Goiania is in China or the city of Feira de Santana is in Brazil.,or,FT,1,The city of Aparecida de Goiania is in China.,The city of Feira de Santana is in Brazil.
The city of Kharkiv is in Ukraine or the city of Luzhou is in China.,or,TT,1,The city of Kharkiv is in Ukraine.,The city of Luzhou is in China.
The city of Jiamusi is in Germany and the city of Cheonan is in Myanmar.,and,FF,0,The city of Jiamusi is in Germany.,The city of Cheonan is in Myanmar.
The city of Albuquerque is in the United States and the city of Yunfu is in China.,and,TT,1,The city of Albuquerque is in the United States.,The city of Yunfu is in China.
The city of Ha'il is in Saudi Arabia or the city of Pikine is in Pakistan.,or,TF,1,The city of Ha'il is in Saudi Arabia.,The city of Pikine is in Pakistan.
The city of Rawalpindi is in Brazil or the city of Kalininskiy is in Russia.,or,FT,1,The city of Rawalpindi is in Brazil.,The city of Kalininskiy is in Russia.
The city of Luohe is in China and the city of Antalya is in Turkey.,and,TT,1,The city of Luohe is in China.,The city of Antalya is in Turkey.
The city of Beirut is in Algeria and the city of Zhangjiagang is in China.,and,FT,0,The city of Beirut is in Algeria.,The city of Zhangjiagang is in China.
The city of Campos dos Goytacazes is in Brazil or the city of Vilnius is in Lithuania.,or,TT,1,The city of Campos dos Goytacazes is in Brazil.,The city of Vilnius is in Lithuania.
The city of Dushanbe is in Tajikistan or the city of Xuzhou is in China.,or,TT,1,The city of Dushanbe is in Tajikistan.,The city of Xuzhou is in China.
The city of Bogor is in South Korea and the city of Quito is in China.,and,FF,0,The city of Bogor is in South Korea.,The city of Quito is in China.
The city of Zigong is in China or the city of Naucalpan de Juarez is in Mexico.,or,TT,1,The city of Zigong is in China.,The city of Naucalpan de Juarez is in Mexico.
The city of Kumasi is in India or the city of Xianning is in China.,or,FT,1,The city of Kumasi is in India.,The city of Xianning is in China.
The city of Kayseri is in Iraq and the city of Casablanca is in Morocco.,and,FT,0,The city of Kayseri is in Iraq.,The city of Casablanca is in Morocco.
The city of Yichang is in Japan or the city of Abu Dhabi is in Oman.,or,FF,0,The city of Yichang is in Japan.,The city of Abu Dhabi is in Oman.
The city of Porto Alegre is in Brazil and the city of Al Ahmadi is in Japan.,and,TF,0,The city of Porto Alegre is in Brazil.,The city of Al Ahmadi is in Japan.
The city of Ar Raqqah is in Syria and the city of Bhilai is in India.,and,TT,1,The city of Ar Raqqah is in Syria.,The city of Bhilai is in India.
The city of Algiers is in Algeria and the city of Bengaluru is in China.,and,TF,0,The city of Algiers is in Algeria.,The city of Bengaluru is in China.
The city of Isfahan is in Iran and the city of Latakia is in Somalia.,and,TF,0,The city of Isfahan is in Iran.,The city of Latakia is in Somalia.
The city of Zhangzhou is in Nicaragua or the city of Matola is in India.,or,FF,0,The city of Zhangzhou is in Nicaragua.,The city of Matola is in India.
The city of Bilimora is in Uzbekistan and the city of Ahmedabad is in China.,and,FF,0,The city of Bilimora is in Uzbekistan.,The city of Ahmedabad is in China.
The city of Manaus is in Turkey or the city of Anyang is in China.,or,FT,1,The city of Manaus is in Turkey.,The city of Anyang is in China.
The city of Dakar is in Senegal and the city of Indianapolis is in Côte d'Ivoire.,and,TF,0,The city of Dakar is in Senegal.,The city of Indianapolis is in Côte d'Ivoire.
The city of Madurai is in Burundi or the city of Hannover is in Germany.,or,FT,1,The city of Madurai is in Burundi.,The city of Hannover is in Germany.
The city of Saint Petersburg is in Canada or the city of Karol Bagh is in Syria.,or,FF,0,The city of Saint Petersburg is in Canada.,The city of Karol Bagh is in Syria.
The city of Kayseri is in Turkey or the city of Palembang is in Brazil.,or,TF,1,The city of Kayseri is in Turkey.,The city of Palembang is in Brazil.
The city of Lanzhou is in Mexico and the city of Milwaukee is in the United States.,and,FT,0,The city of Lanzhou is in Mexico.,The city of Milwaukee is in the United States.
The city of Seattle is in Yemen and the city of Mumbai is in India.,and,FT,0,The city of Seattle is in Yemen.,The city of Mumbai is in India.
The city of Zhangjiagang is in Brazil and the city of Tangerang is in Indonesia.,and,FT,0,The city of Zhangjiagang is in Brazil.,The city of Tangerang is in Indonesia.
The city of Denpasar is in Brazil and the city of Shihezi is in China.,and,FT,0,The city of Denpasar is in Brazil.,The city of Shihezi is in China.
The city of Winnipeg is in Canada or the city of Maceio is in China.,or,TF,1,The city of Winnipeg is in Canada.,The city of Maceio is in China.
The city of New South Memphis is in the United States or the city of Putian is in China.,or,TT,1,The city of New South Memphis is in the United States.,The city of Putian is in China.
The city of Herat is in China or the city of Panshan is in China.,or,FT,1,The city of Herat is in China.,The city of Panshan is in China.
The city of Al Mawsil al Jadidah is in India and the city of Matola is in Mozambique.,and,FT,0,The city of Al Mawsil al Jadidah is in India.,The city of Matola is in Mozambique.
The city of Benxi is in Brazil or the city of Sarajevo is in South Africa.,or,FF,0,The city of Benxi is in Brazil.,The city of Sarajevo is in South Africa.
The city of Jaipur is in China or the city of Johannesburg is in South Africa.,or,FT,1,The city of Jaipur is in China.,The city of Johannesburg is in South Africa.
The city of Zhenjiang is in China or the city of Guntur is in China.,or,TF,1,The city of Zhenjiang is in China.,The city of Guntur is in China.
The city of Bucaramanga is in Colombia or the city of Guigang is in China.,or,TT,1,The city of Bucaramanga is in Colombia.,The city of Guigang is in China.
The city of Ulhasnagar is in India and the city of Milwaukee is in the United States.,and,TT,1,The city of Ulhasnagar is in India.,The city of Milwaukee is in the United States.
The city of San Pedro Sula is in Honduras and the city of Pune is in South Korea.,and,TF,0,The city of San Pedro Sula is in Honduras.,The city of Pune is in South Korea.
The city of Bengbu is in China and the city of Krakow is in Poland.,and,TT,1,The city of Bengbu is in China.,The city of Krakow is in Poland.
The city of Bucaramanga is in Colombia or the city of Fushun is in Mexico.,or,TF,1,The city of Bucaramanga is in Colombia.,The city of Fushun is in Mexico.
The city of Qujing is in India or the city of Moradabad is in China.,or,FF,0,The city of Qujing is in India.,The city of Moradabad is in China.
The city of Sanming is in Bulgaria or the city of Madinat an Nasr is in India.,or,FF,0,The city of Sanming is in Bulgaria.,The city of Madinat an Nasr is in India.
The city of Guarulhos is in China and the city of Mosul is in Iraq.,and,FT,0,The city of Guarulhos is in China.,The city of Mosul is in Iraq.
The city of Ulsan is in South Korea or the city of Jiamusi is in China.,or,TT,1,The city of Ulsan is in South Korea.,The city of Jiamusi is in China.
The city of Lubumbashi is in India or the city of Tembisa is in South Africa.,or,FT,1,The city of Lubumbashi is in India.,The city of Tembisa is in South Africa.
The city of Mazar-e Sharif is in India or the city of Basrah is in China.,or,FF,0,The city of Mazar-e Sharif is in India.,The city of Basrah is in China.
The city of Ganzhou is in South Korea or the city of Pikine is in Pakistan.,or,FF,0,The city of Ganzhou is in South Korea.,The city of Pikine is in Pakistan.
The city of Novosibirsk is in the Philippines and the city of Aracaju is in Brazil.,and,FT,0,The city of Novosibirsk is in the Philippines.,The city of Aracaju is in Brazil.
The city of Aracaju is in Russia and the city of Asyut is in Japan.,and,FF,0,The city of Aracaju is in Russia.,The city of Asyut is in Japan.
The city of Arequipa is in Peru or the city of Naberezhnyye Chelny is in Russia.,or,TT,1,The city of Arequipa is in Peru.,The city of Naberezhnyye Chelny is in Russia.
The city of Nyala is in Mozambique or the city of Anyang is in Kuwait.,or,FF,0,The city of Nyala is in Mozambique.,The city of Anyang is in Kuwait.
The city of Mazar-e Sharif is in Afghanistan or the city of Ufa is in Russia.,or,TT,1,The city of Mazar-e Sharif is in Afghanistan.,The city of Ufa is in Russia.
The city of Tomsk is in Ghana or the city of Bamako is in Mali.,or,FT,1,The city of Tomsk is in Ghana.,The city of Bamako is in Mali.
The city of Jilin is in China or the city of Karol Bagh is in Syria.,or,TF,1,The city of Jilin is in China.,The city of Karol Bagh is in Syria.
The city of Nanjing is in Germany and the city of Tucson is in the United States.,and,FT,0,The city of Nanjing is in Germany.,The city of Tucson is in the United States.
The city of Nouakchott is in Mauritania or the city of Madinat an Nasr is in Egypt.,or,TT,1,The city of Nouakchott is in Mauritania.,The city of Madinat an Nasr is in Egypt.
The city of Jaboatao dos Guararapes is in Brazil and the city of Thane is in China.,and,TF,0,The city of Jaboatao dos Guararapes is in Brazil.,The city of Thane is in China.
The city of Kagoshima is in India or the city of Hebi is in China.,or,FT,1,The city of Kagoshima is in India.,The city of Hebi is in China.
The city of Palembang is in Indonesia or the city of Asansol is in China.,or,TF,1,The city of Palembang is in Indonesia.,The city of Asansol is in China.
The city of Jiujiang is in China or the city of Lubumbashi is in India.,or,TF,1,The city of Jiujiang is in China.,The city of Lubumbashi is in India.
The city of Budapest is in Iraq and the city of Kunshan is in China.,and,FT,0,The city of Budapest is in Iraq.,The city of Kunshan is in China.
The city of Ta'if is in Venezuela or the city of Anyang-si is in South Korea.,or,FT,1,The city of Ta'if is in Venezuela.,The city of Anyang-si is in South Korea.
The city of Daegu is in South Korea or the city of Suizhou is in Japan.,or,TF,1,The city of Daegu is in South Korea.,The city of Suizhou is in Japan.
The city of Pekanbaru is in India or the city of Qujing is in India.,or,FF,0,The city of Pekanbaru is in India.,The city of Qujing is in India.
The city of Kermanshah is in China and the city of Acapulco de Juarez is in Morocco.,and,FF,0,The city of Kermanshah is in China.,The city of Acapulco de Juarez is in Morocco.
The city of Beijing is in Ghana and the city of Sanya is in China.,and,FT,0,The city of Beijing is in Ghana.,The city of Sanya is in China.
The city of Xuchang is in Japan and the city of Isfahan is in China.,and,FF,0,The city of Xuchang is in Japan.,The city of Isfahan is in China.
The city of Copenhagen is in China and the city of Managua is in Nicaragua.,and,FT,0,The city of Copenhagen is in China.,The city of Managua is in Nicaragua.
The city of Antwerpen is in Belgium or the city of Dammam is in Saudi Arabia.,or,TT,1,The city of Antwerpen is in Belgium.,The city of Dammam is in Saudi Arabia.
The city of Qionghai is in Ecuador or the city of Asmara is in Indonesia.,or,FF,0,The city of Qionghai is in Ecuador.,The city of Asmara is in Indonesia.
The city of Caloocan City is in China and the city of Ankara is in Turkey.,and,FT,0,The city of Caloocan City is in China.,The city of Ankara is in Turkey.
The city of Baoji is in China or the city of Qom is in Iran.,or,TT,1,The city of Baoji is in China.,The city of Qom is in Iran.
The city of Kumasi is in Ghana and the city of Bengaluru is in China.,and,TF,0,The city of Kumasi is in Ghana.,The city of Bengaluru is in China.
The city of Ecatepec de Morelos is in Mexico or the city of Naberezhnyye Chelny is in Russia.,or,TT,1,The city of Ecatepec de Morelos is in Mexico.,The city of Naberezhnyye Chelny is in Russia.
The city of Vilnius is in China and the city of Cotonou is in China.,and,FF,0,The city of Vilnius is in China.,The city of Cotonou is in China.
The city of Aparecida de Goiania is in China and the city of Nairobi is in Mexico.,and,FF,0,The city of Aparecida de Goiania is in China.,The city of Nairobi is in Mexico.
The city of Tanggu is in China or the city of Homs is in Syria.,or,TT,1,The city of Tanggu is in China.,The city of Homs is in Syria.
The city of Adana is in Turkey or the city of Dandong is in China.,or,TT,1,The city of Adana is in Turkey.,The city of Dandong is in China.
The city of Kolkata is in India or the city of Urumqi is in Vietnam.,or,TF,1,The city of Kolkata is in India.,The city of Urumqi is in Vietnam.
The city of Jabalpur is in India or the city of Yinchuan is in Bangladesh.,or,TF,1,The city of Jabalpur is in India.,The city of Yinchuan is in Bangladesh.
The city of Bokaro is in China or the city of Kahriz is in Iran.,or,FT,1,The city of Bokaro is in China.,The city of Kahriz is in Iran.
The city of Maturin is in Saudi Arabia and the city of Detroit is in the United States.,and,FT,0,The city of Maturin is in Saudi Arabia.,The city of Detroit is in the United States.
The city of Kathmandu is in China and the city of Sevastopol is in Ukraine.,and,FT,0,The city of Kathmandu is in China.,The city of Sevastopol is in Ukraine.
The city of Dar es Salaam is in Tanzania and the city of Jos is in Nigeria.,and,TT,1,The city of Dar es Salaam is in Tanzania.,The city of Jos is in Nigeria.
The city of Anyang is in China and the city of Baku is in Azerbaijan.,and,TT,1,The city of Anyang is in China.,The city of Baku is in Azerbaijan.
The city of Wroclaw is in Poland or the city of Xianyang is in Russia.,or,TF,1,The city of Wroclaw is in Poland.,The city of Xianyang is in Russia.
The city of Bursa is in Bosnia and Herzegovina and the city of Tomsk is in Ghana.,and,FF,0,The city of Bursa is in Bosnia and Herzegovina.,The city of Tomsk is in Ghana.
The city of Asmara is in Eritrea or the city of Bagcilar is in Iran.,or,TF,1,The city of Asmara is in Eritrea.,The city of Bagcilar is in Iran.
The city of Rawalpindi is in Pakistan or the city of Aleppo is in Syria.,or,TT,1,The city of Rawalpindi is in Pakistan.,The city of Aleppo is in Syria.
The city of Zhangzhou is in China or the city of Maturin is in Venezuela.,or,TT,1,The city of Zhangzhou is in China.,The city of Maturin is in Venezuela.
The city of Ryazan' is in South Korea or the city of Dombivli is in India.,or,FT,1,The city of Ryazan' is in South Korea.,The city of Dombivli is in India.
The city of Minsk is in South Korea or the city of Soweto is in South Africa.,or,FT,1,The city of Minsk is in South Korea.,The city of Soweto is in South Africa.
The city of Xingtai is in Russia or the city of Santo Domingo Oeste is in the Dominican Republic.,or,FT,1,The city of Xingtai is in Russia.,The city of Santo Domingo Oeste is in the Dominican Republic.
The city of Chizhou is in the Republic of the Congo and the city of Ningbo is in South Korea.,and,FF,0,The city of Chizhou is in the Republic of the Congo.,The city of Ningbo is in South Korea.
The city of Aktobe is in Afghanistan and the city of Semarang is in Saudi Arabia.,and,FF,0,The city of Aktobe is in Afghanistan.,The city of Semarang is in Saudi Arabia.
The city of Dalian is in China and the city of Harare is in Zimbabwe.,and,TT,1,The city of Dalian is in China.,The city of Harare is in Zimbabwe.
The city of Joao Pessoa is in Brazil and the city of Ufa is in Russia.,and,TT,1,The city of Joao Pessoa is in Brazil.,The city of Ufa is in Russia.
The city of Quetta is in Pakistan or the city of Hangzhou is in Russia.,or,TF,1,The city of Quetta is in Pakistan.,The city of Hangzhou is in Russia.
The city of Isfahan is in China and the city of Langfang is in India.,and,FF,0,The city of Isfahan is in China.,The city of Langfang is in India.
The city of Wenzhou is in Moldova or the city of Buraydah is in Saudi Arabia.,or,FT,1,The city of Wenzhou is in Moldova.,The city of Buraydah is in Saudi Arabia.
The city of Longyan is in China and the city of Zarqa is in India.,and,TF,0,The city of Longyan is in China.,The city of Zarqa is in India.
The city of Acapulco de Juarez is in Morocco and the city of Huainan is in China.,and,FT,0,The city of Acapulco de Juarez is in Morocco.,The city of Huainan is in China.
The city of Kuantan is in India and the city of Karol Bagh is in India.,and,FT,0,The city of Kuantan is in India.,The city of Karol Bagh is in India.
The city of Omdurman is in South Korea or the city of Yiwu is in India.,or,FF,0,The city of Omdurman is in South Korea.,The city of Yiwu is in India.
The city of Dhanbad is in Kenya or the city of Bhayandar is in India.,or,FT,1,The city of Dhanbad is in Kenya.,The city of Bhayandar is in India.
The city of Sanmenxia is in China and the city of Moradabad is in India.,and,TT,1,The city of Sanmenxia is in China.,The city of Moradabad is in India.
The city of Khabarovsk is in Russia or the city of Taicang is in China.,or,TT,1,The city of Khabarovsk is in Russia.,The city of Taicang is in China.
The city of Zhanjiang is in India and the city of Tanggu is in China.,and,FT,0,The city of Zhanjiang is in India.,The city of Tanggu is in China.
The city of Goyang-si is in South Korea or the city of Nairobi is in Mexico.,or,TF,1,The city of Goyang-si is in South Korea.,The city of Nairobi is in Mexico.
The city of Pekanbaru is in Indonesia and the city of Zarqa is in Jordan.,and,TT,1,The city of Pekanbaru is in Indonesia.,The city of Zarqa is in Jordan.
The city of Zhangjiagang is in China or the city of Konya is in Turkey.,or,TT,1,The city of Zhangjiagang is in China.,The city of Konya is in Turkey.
The city of Suizhou is in Japan or the city of Douala is in Russia.,or,FF,0,The city of Suizhou is in Japan.,The city of Douala is in Russia.
The city of Prayagraj is in India or the city of Leipzig is in Germany.,or,TT,1,The city of Prayagraj is in India.,The city of Leipzig is in Germany.
The city of Ibadan is in Malaysia and the city of Douala is in Russia.,and,FF,0,The city of Ibadan is in Malaysia.,The city of Douala is in Russia.
The city of Huaibei is in Brazil or the city of Porto Alegre is in Belarus.,or,FF,0,The city of Huaibei is in Brazil.,The city of Porto Alegre is in Belarus.
The city of Lu'an is in Turkey or the city of Luzhou is in Peru.,or,FF,0,The city of Lu'an is in Turkey.,The city of Luzhou is in Peru.
The city of Kemerovo is in India and the city of Xining is in the United Arab Emirates.,and,FF,0,The city of Kemerovo is in India.,The city of Xining is in the United Arab Emirates.
The city of Saitama is in Japan or the city of Antwerpen is in Belgium.,or,TT,1,The city of Saitama is in Japan.,The city of Antwerpen is in Belgium.
The city of Herat is in China and the city of Naucalpan de Juarez is in Mexico.,and,FT,0,The city of Herat is in China.,The city of Naucalpan de Juarez is in Mexico.
The city of Pekanbaru is in India or the city of Sapporo is in Mexico.,or,FF,0,The city of Pekanbaru is in India.,The city of Sapporo is in Mexico.
The city of Siping is in China and the city of Bahawalpur is in Pakistan.,and,TT,1,The city of Siping is in China.,The city of Bahawalpur is in Pakistan.
The city of Xianyang is in Russia and the city of Guigang is in China.,and,FT,0,The city of Xianyang is in Russia.,The city of Guigang is in China.
The city of Borivli is in Ukraine and the city of Weihai is in China.,and,FT,0,The city of Borivli is in Ukraine.,The city of Weihai is in China.
The city of Rawalpindi is in Pakistan and the city of Madurai is in Burundi.,and,TF,0,The city of Rawalpindi is in Pakistan.,The city of Madurai is in Burundi.
The city of Kota Kinabalu is in Malaysia and the city of Quetta is in Kenya.,and,TF,0,The city of Kota Kinabalu is in Malaysia.,The city of Quetta is in Kenya.
The city of Bandar Lampung is in South Africa or the city of Guangyuan is in China.,or,FT,1,The city of Bandar Lampung is in South Africa.,The city of Guangyuan is in China.
The city of Riga is in Latvia and the city of Hwaseong-si is in South Korea.,and,TT,1,The city of Riga is in Latvia.,The city of Hwaseong-si is in South Korea.
The city of Tianjin is in Bangladesh or the city of Dalian is in China.,or,FT,1,The city of Tianjin is in Bangladesh.,The city of Dalian is in China.
The city of Enugu is in Nigeria or the city of Langfang is in India.,or,TF,1,The city of Enugu is in Nigeria.,The city of Langfang is in India.
The city of Foshan is in China or the city of Ta'if is in Venezuela.,or,TF,1,The city of Foshan is in China.,The city of Ta'if is in Venezuela.
The city of Oklahoma City is in the United States or the city of Lome is in Togo.,or,TT,1,The city of Oklahoma City is in the United States.,The city of Lome is in Togo.
The city of Santiago de Queretaro is in Ecuador and the city of Yinchuan is in China.,and,FT,0,The city of Santiago de Queretaro is in Ecuador.,The city of Yinchuan is in China.
The city of Nova Iguacu is in India or the city of Mysore is in Mexico.,or,FF,0,The city of Nova Iguacu is in India.,The city of Mysore is in Mexico.
The city of Mysore is in India and the city of Ouagadougou is in Burkina Faso.,and,TT,1,The city of Mysore is in India.,The city of Ouagadougou is in Burkina Faso.
The city of Abuja is in Nigeria or the city of Wanzhou is in China.,or,TT,1,The city of Abuja is in Nigeria.,The city of Wanzhou is in China.
The city of Zhanjiang is in China and the city of Fuxin is in China.,and,TT,1,The city of Zhanjiang is in China.,The city of Fuxin is in China.
The city of Jiaxing is in Ukraine or the city of Kisangani is in the Democratic Republic of the Congo.,or,FT,1,The city of Jiaxing is in Ukraine.,The city of Kisangani is in the Democratic Republic of the Congo.
The city of Kano is in China or the city of Rostov-na-Donu is in the United Arab Emirates.,or,FF,0,The city of Kano is in China.,The city of Rostov-na-Donu is in the United Arab Emirates.
The city of Pietermaritzburg is in South Africa and the city of Shantou is in China.,and,TT,1,The city of Pietermaritzburg is in South Africa.,The city of Shantou is in China.
The city of Vijayawada is in India and the city of Tomsk is in Russia.,and,TT,1,The city of Vijayawada is in India.,The city of Tomsk is in Russia.
The city of Anshun is in China and the city of Muscat is in Oman.,and,TT,1,The city of Anshun is in China.,The city of Muscat is in Oman.
The city of Yangjiang is in Indonesia or the city of Ansan-si is in Canada.,or,FF,0,The city of Yangjiang is in Indonesia.,The city of Ansan-si is in Canada.
The city of Klang is in China or the city of Lanzhou is in China.,or,FT,1,The city of Klang is in China.,The city of Lanzhou is in China.
The city of Jiaozuo is in China or the city of Esenler is in Turkey.,or,TT,1,The city of Jiaozuo is in China.,The city of Esenler is in Turkey.
The city of Minsk is in Belarus and the city of Nagpur is in India.,and,TT,1,The city of Minsk is in Belarus.,The city of Nagpur is in India.
The city of Ludhiana is in India and the city of Pimpri is in China.,and,TF,0,The city of Ludhiana is in India.,The city of Pimpri is in China.
The city of Ryazan' is in Russia and the city of Santo Domingo Oeste is in the Dominican Republic.,and,TT,1,The city of Ryazan' is in Russia.,The city of Santo Domingo Oeste is in the Dominican Republic.
The city of Karachi is in India and the city of Wanxian is in Algeria.,and,FF,0,The city of Karachi is in India.,The city of Wanxian is in Algeria.
The city of Namangan is in Uzbekistan and the city of Weifang is in Indonesia.,and,TF,0,The city of Namangan is in Uzbekistan.,The city of Weifang is in Indonesia.
The city of Chelyabinsk is in China and the city of Bangkok is in China.,and,FF,0,The city of Chelyabinsk is in China.,The city of Bangkok is in China.
The city of Yibin is in China and the city of Gwalior is in India.,and,TT,1,The city of Yibin is in China.,The city of Gwalior is in India.
The city of Wanzhou is in China or the city of Dakar is in India.,or,TF,1,The city of Wanzhou is in China.,The city of Dakar is in India.
The city of Dehra Dun is in China or the city of Can Tho is in Venezuela.,or,FF,0,The city of Dehra Dun is in China.,The city of Can Tho is in Venezuela.
The city of Karachi is in Pakistan or the city of Bulawayo is in China.,or,TF,1,The city of Karachi is in Pakistan.,The city of Bulawayo is in China.
The city of Petaling Jaya is in Malaysia or the city of Quito is in Ecuador.,or,TT,1,The city of Petaling Jaya is in Malaysia.,The city of Quito is in Ecuador.
The city of Vladivostok is in Russia and the city of Kozhikode is in the United States.,and,TF,0,The city of Vladivostok is in Russia.,The city of Kozhikode is in the United States.
The city of Pekanbaru is in Indonesia or the city of Warri is in China.,or,TF,1,The city of Pekanbaru is in Indonesia.,The city of Warri is in China.
The city of Cheonan is in South Korea and the city of Guarulhos is in Brazil.,and,TT,1,The city of Cheonan is in South Korea.,The city of Guarulhos is in Brazil.
The city of Cape Town is in China and the city of Lome is in Togo.,and,FT,0,The city of Cape Town is in China.,The city of Lome is in Togo.
The city of Panzhihua is in Iran or the city of Kitakyushu is in Yemen.,or,FF,0,The city of Panzhihua is in Iran.,The city of Kitakyushu is in Yemen.
The city of Guangyuan is in China or the city of Guang'an is in China.,or,TT,1,The city of Guangyuan is in China.,The city of Guang'an is in China.
The city of Dnipro is in Russia and the city of Pune is in South Korea.,and,FF,0,The city of Dnipro is in Russia.,The city of Pune is in South Korea.
The city of Linfen is in China or the city of Erbil is in Iraq.,or,TT,1,The city of Linfen is in China.,The city of Erbil is in Iraq.
The city of Yerevan is in Armenia and the city of Munich is in China.,and,TF,0,The city of Yerevan is in Armenia.,The city of Munich is in China.
The city of Nouakchott is in Mauritania and the city of Shangqiu is in China.,and,TT,1,The city of Nouakchott is in Mauritania.,The city of Shangqiu is in China.
The city of Putian is in China or the city of Ebute Ikorodu is in Nigeria.,or,TT,1,The city of Putian is in China.,The city of Ebute Ikorodu is in Nigeria.
The city of Abu Ghurayb is in Indonesia and the city of Juiz de Fora is in Brazil.,and,FT,0,The city of Abu Ghurayb is in Indonesia.,The city of Juiz de Fora is in Brazil.
The city of Libreville is in Gabon or the city of Reynosa is in Mexico.,or,TT,1,The city of Libreville is in Gabon.,The city of Reynosa is in Mexico.
The city of Matsuyama is in Burkina Faso or the city of Lubumbashi is in India.,or,FF,0,The city of Matsuyama is in Burkina Faso.,The city of Lubumbashi is in India.
The city of Aparecida de Goiania is in China or the city of Karachi is in India.,or,FF,0,The city of Aparecida de Goiania is in China.,The city of Karachi is in India.
The city of Zhoushan is in the Philippines or the city of Wanxian is in Algeria.,or,FF,0,The city of Zhoushan is in the Philippines.,The city of Wanxian is in Algeria.
The city of Hegang is in China or the city of Feira de Santana is in Brazil.,or,TT,1,The city of Hegang is in China.,The city of Feira de Santana is in Brazil.
The city of Dortmund is in India and the city of Diyarbakir is in Colombia.,and,FF,0,The city of Dortmund is in India.,The city of Diyarbakir is in Colombia.
The city of Ryazan' is in South Korea or the city of Dubai is in the United Arab Emirates.,or,FT,1,The city of Ryazan' is in South Korea.,The city of Dubai is in the United Arab Emirates.
The city of Lu'an is in Turkey or the city of Nay Pyi Taw is in Mozambique.,or,FF,0,The city of Lu'an is in Turkey.,The city of Nay Pyi Taw is in Mozambique.
The city of Caloocan City is in China and the city of Sofia is in South Korea.,and,FF,0,The city of Caloocan City is in China.,The city of Sofia is in South Korea.
The city of Bijie is in China or the city of Qingdao is in India.,or,TF,1,The city of Bijie is in China.,The city of Qingdao is in India.
The city of Bokaro is in India and the city of Chizhou is in the Republic of the Congo.,and,TF,0,The city of Bokaro is in India.,The city of Chizhou is in the Republic of the Congo.
The city of Ma'anshan is in China or the city of Diyarbakir is in Colombia.,or,TF,1,The city of Ma'anshan is in China.,The city of Diyarbakir is in Colombia.
The city of Contagem is in Indonesia or the city of Iztapalapa is in Yemen.,or,FF,0,The city of Contagem is in Indonesia.,The city of Iztapalapa is in Yemen.
The city of Kawaguchi is in Indonesia or the city of Ulan Bator is in Ukraine.,or,FF,0,The city of Kawaguchi is in Indonesia.,The city of Ulan Bator is in Ukraine.
The city of Benoni is in the Philippines and the city of Guang'an is in Germany.,and,FF,0,The city of Benoni is in the Philippines.,The city of Guang'an is in Germany.
The city of Yaroslavl is in India and the city of Huainan is in Egypt.,and,FF,0,The city of Yaroslavl is in India.,The city of Huainan is in Egypt.
The city of Faridabad is in India or the city of Santa Maria Chimalhuacan is in Saudi Arabia.,or,TF,1,The city of Faridabad is in India.,The city of Santa Maria Chimalhuacan is in Saudi Arabia.
The city of Kozhikode is in the United States or the city of Jabalpur is in Ukraine.,or,FF,0,The city of Kozhikode is in the United States.,The city of Jabalpur is in Ukraine.
The city of Goiania is in Brazil and the city of Homs is in Indonesia.,and,TF,0,The city of Goiania is in Brazil.,The city of Homs is in Indonesia.
The city of Addis Ababa is in Ethiopia or the city of Bikaner is in South Korea.,or,TF,1,The city of Addis Ababa is in Ethiopia.,The city of Bikaner is in South Korea.
The city of Thane is in India or the city of Daejeon is in South Korea.,or,TT,1,The city of Thane is in India.,The city of Daejeon is in South Korea.
The city of Aparecida de Goiania is in Brazil and the city of Wroclaw is in Poland.,and,TT,1,The city of Aparecida de Goiania is in Brazil.,The city of Wroclaw is in Poland.
The city of Londrina is in Brazil and the city of Yangon is in Myanmar.,and,TT,1,The city of Londrina is in Brazil.,The city of Yangon is in Myanmar.
The city of Karachi is in Pakistan and the city of Qinzhou is in India.,and,TF,0,The city of Karachi is in Pakistan.,The city of Qinzhou is in India.
The city of Seongnam-si is in South Korea or the city of Balikpapan is in Indonesia.,or,TT,1,The city of Seongnam-si is in South Korea.,The city of Balikpapan is in Indonesia.
The city of Suqian is in Mexico and the city of Goeteborg is in South Korea.,and,FF,0,The city of Suqian is in Mexico.,The city of Goeteborg is in South Korea.
The city of Bayannur is in China or the city of Sulaymaniyah is in Turkey.,or,TF,1,The city of Bayannur is in China.,The city of Sulaymaniyah is in Turkey.
The city of Barnaul is in South Africa or the city of Batam is in Indonesia.,or,FT,1,The city of Barnaul is in South Africa.,The city of Batam is in Indonesia.
The city of Heze is in China and the city of Ciudad Nezahualcoyotl is in Mexico.,and,TT,1,The city of Heze is in China.,The city of Ciudad Nezahualcoyotl is in Mexico.
The city of Guankou is in China and the city of Mandalay is in Myanmar.,and,TT,1,The city of Guankou is in China.,The city of Mandalay is in Myanmar.
The city of Baise is in Japan or the city of Hanzhong is in Iran.,or,FF,0,The city of Baise is in Japan.,The city of Hanzhong is in Iran.
The city of Thiruvananthapuram is in India and the city of Al Mawsil al Jadidah is in India.,and,TF,0,The city of Thiruvananthapuram is in India.,The city of Al Mawsil al Jadidah is in India.
The city of Orumiyeh is in Iran and the city of Ilorin is in Ukraine.,and,TF,0,The city of Orumiyeh is in Iran.,The city of Ilorin is in Ukraine.
The city of Cheongju-si is in South Korea and the city of Santiago de Cuba is in Cuba.,and,TT,1,The city of Cheongju-si is in South Korea.,The city of Santiago de Cuba is in Cuba.
The city of Contagem is in Indonesia and the city of Ouagadougou is in Burkina Faso.,and,FT,0,The city of Contagem is in Indonesia.,The city of Ouagadougou is in Burkina Faso.
The city of Kota Kinabalu is in the United States or the city of Pingdingshan is in South Africa.,or,FF,0,The city of Kota Kinabalu is in the United States.,The city of Pingdingshan is in South Africa.
The city of Pimpri is in China and the city of Ha'il is in Saudi Arabia.,and,FT,0,The city of Pimpri is in China.,The city of Ha'il is in Saudi Arabia.
The city of Warangal is in India and the city of Omdurman is in South Korea.,and,TF,0,The city of Warangal is in India.,The city of Omdurman is in South Korea.
The city of Tucson is in Canada and the city of Quzhou is in China.,and,FT,0,The city of Tucson is in Canada.,The city of Quzhou is in China.
The city of Yerevan is in Bangladesh or the city of Zhenjiang is in China.,or,FT,1,The city of Yerevan is in Bangladesh.,The city of Zhenjiang is in China.
The city of Mazar-e Sharif is in Afghanistan and the city of Anqing is in China.,and,TT,1,The city of Mazar-e Sharif is in Afghanistan.,The city of Anqing is in China.
The city of Dalian is in Saudi Arabia or the city of Tegucigalpa is in China.,or,FF,0,The city of Dalian is in Saudi Arabia.,The city of Tegucigalpa is in China.
The city of Anyang-si is in Iraq or the city of Jilin is in China.,or,FT,1,The city of Anyang-si is in Iraq.,The city of Jilin is in China.
The city of Tolyatti is in Russia or the city of Ribeirao Preto is in Brazil.,or,TT,1,The city of Tolyatti is in Russia.,The city of Ribeirao Preto is in Brazil.
The city of Karol Bagh is in Syria and the city of Izmir is in Iran.,and,FF,0,The city of Karol Bagh is in Syria.,The city of Izmir is in Iran.
The city of Makati City is in the Philippines or the city of Buraydah is in Rwanda.,or,TF,1,The city of Makati City is in the Philippines.,The city of Buraydah is in Rwanda.
The city of Naberezhnyye Chelny is in Russia or the city of Lahore is in Pakistan.,or,TT,1,The city of Naberezhnyye Chelny is in Russia.,The city of Lahore is in Pakistan.
The city of San Miguel de Tucuman is in Argentina or the city of Barquisimeto is in Venezuela.,or,TT,1,The city of San Miguel de Tucuman is in Argentina.,The city of Barquisimeto is in Venezuela.
The city of Caracas is in Venezuela and the city of Dammam is in Saudi Arabia.,and,TT,1,The city of Caracas is in Venezuela.,The city of Dammam is in Saudi Arabia.
The city of Da Nang is in Vietnam or the city of Guangyuan is in Mexico.,or,TF,1,The city of Da Nang is in Vietnam.,The city of Guangyuan is in Mexico.
The city of Chicago is in the United States and the city of Wroclaw is in Poland.,and,TT,1,The city of Chicago is in the United States.,The city of Wroclaw is in Poland.
The city of Shenzhen is in China or the city of Kathmandu is in Nepal.,or,TT,1,The city of Shenzhen is in China.,The city of Kathmandu is in Nepal.
The city of Almaty is in Kazakhstan or the city of Quzhou is in Vietnam.,or,TF,1,The city of Almaty is in Kazakhstan.,The city of Quzhou is in Vietnam.
The city of Guatemala City is in Croatia and the city of Aleppo is in China.,and,FF,0,The city of Guatemala City is in Croatia.,The city of Aleppo is in China.
The city of Hohhot is in China or the city of Yibin is in China.,or,TT,1,The city of Hohhot is in China.,The city of Yibin is in China.
The city of Najafgarh is in India or the city of Jilin is in China.,or,TT,1,The city of Najafgarh is in India.,The city of Jilin is in China.
The city of Albuquerque is in Egypt and the city of Changwon is in South Korea.,and,FT,0,The city of Albuquerque is in Egypt.,The city of Changwon is in South Korea.
The city of Hengyang is in China or the city of Chizhou is in the Republic of the Congo.,or,TF,1,The city of Hengyang is in China.,The city of Chizhou is in the Republic of the Congo.
The city of Tehran is in Iran and the city of Yangon is in Myanmar.,and,TT,1,The city of Tehran is in Iran.,The city of Yangon is in Myanmar.
The city of Weinan is in Colombia and the city of Wenzhou is in Moldova.,and,FF,0,The city of Weinan is in Colombia.,The city of Wenzhou is in Moldova.
The city of Nowrangapur is in Vietnam or the city of Lanzhou is in China.,or,FT,1,The city of Nowrangapur is in Vietnam.,The city of Lanzhou is in China.
The city of Dortmund is in Germany or the city of Fushun is in Mexico.,or,TF,1,The city of Dortmund is in Germany.,The city of Fushun is in Mexico.
The city of Liupanshui is in China and the city of Reynosa is in China.,and,TF,0,The city of Liupanshui is in China.,The city of Reynosa is in China.
The city of Bucaramanga is in Colombia and the city of Cochin is in India.,and,TT,1,The city of Bucaramanga is in Colombia.,The city of Cochin is in India.
The city of Haiphong is in the Dominican Republic or the city of Daejeon is in South Korea.,or,FT,1,The city of Haiphong is in the Dominican Republic.,The city of Daejeon is in South Korea.
The city of Erode is in China and the city of Douala is in Cameroon.,and,FT,0,The city of Erode is in China.,The city of Douala is in Cameroon.
The city of Tangerang is in China or the city of Tlalpan is in Egypt.,or,FF,0,The city of Tangerang is in China.,The city of Tlalpan is in Egypt.
The city of Onitsha is in China and the city of Homs is in Indonesia.,and,FF,0,The city of Onitsha is in China.,The city of Homs is in Indonesia.
The city of Xianyang is in China or the city of Tiruppur is in Japan.,or,TF,1,The city of Xianyang is in China.,The city of Tiruppur is in Japan.
The city of Bucharest is in Italy or the city of Bhayandar is in India.,or,FT,1,The city of Bucharest is in Italy.,The city of Bhayandar is in India.
The city of Daqing is in China and the city of Jalandhar is in Iraq.,and,TF,0,The city of Daqing is in China.,The city of Jalandhar is in Iraq.
The city of Helsinki is in Pakistan or the city of Zhabei is in China.,or,FT,1,The city of Helsinki is in Pakistan.,The city of Zhabei is in China.
The city of Homyel' is in Iran or the city of Marrakesh is in Morocco.,or,FT,1,The city of Homyel' is in Iran.,The city of Marrakesh is in Morocco.
The city of Nagpur is in India and the city of Istanbul is in Turkey.,and,TT,1,The city of Nagpur is in India.,The city of Istanbul is in Turkey.
The city of Khartoum is in China or the city of Xuchang is in Japan.,or,FF,0,The city of Khartoum is in China.,The city of Xuchang is in Japan.
The city of Bhopal is in Russia and the city of Kaifeng is in Mexico.,and,FF,0,The city of Bhopal is in Russia.,The city of Kaifeng is in Mexico.
The city of Al Ahmadi is in Japan or the city of Jiujiang is in China.,or,FT,1,The city of Al Ahmadi is in Japan.,The city of Jiujiang is in China.
The city of Port-au-Prince is in Haiti and the city of Weihai is in Russia.,and,TF,0,The city of Port-au-Prince is in Haiti.,The city of Weihai is in Russia.
The city of Kanayannur is in Saudi Arabia and the city of Taiz is in Yemen.,and,FT,0,The city of Kanayannur is in Saudi Arabia.,The city of Taiz is in Yemen.
The city of Shaoxing is in the Philippines and the city of Liaocheng is in China.,and,FT,0,The city of Shaoxing is in the Philippines.,The city of Liaocheng is in China.
The city of Quito is in China or the city of Meizhou is in China.,or,FT,1,The city of Quito is in China.,The city of Meizhou is in China.
The city of Omsk is in China or the city of Odesa is in Ukraine.,or,FT,1,The city of Omsk is in China.,The city of Odesa is in Ukraine.
The city of Bucharest is in Romania or the city of Faisalabad is in India.,or,TF,1,The city of Bucharest is in Romania.,The city of Faisalabad is in India.
The city of Fukuoka is in Japan and the city of Nouakchott is in China.,and,TF,0,The city of Fukuoka is in Japan.,The city of Nouakchott is in China.
The city of Dandong is in China or the city of Vilnius is in Lithuania.,or,TT,1,The city of Dandong is in China.,The city of Vilnius is in Lithuania.
The city of Gujranwala is in Pakistan or the city of Accra is in China.,or,TF,1,The city of Gujranwala is in Pakistan.,The city of Accra is in China.
The city of Guayaquil is in China or the city of Najafgarh is in India.,or,FT,1,The city of Guayaquil is in China.,The city of Najafgarh is in India.
The city of Yerevan is in Armenia and the city of Khabarovsk is in Russia.,and,TT,1,The city of Yerevan is in Armenia.,The city of Khabarovsk is in Russia.
The city of Tangshan is in China or the city of Batam is in Turkey.,or,TF,1,The city of Tangshan is in China.,The city of Batam is in Turkey.
The city of Guntur is in India and the city of Asyut is in Japan.,and,TF,0,The city of Guntur is in India.,The city of Asyut is in Japan.
The city of Ebute Ikorodu is in China and the city of Casablanca is in Russia.,and,FF,0,The city of Ebute Ikorodu is in China.,The city of Casablanca is in Russia.
The city of Nashik is in India and the city of Astrakhan is in Russia.,and,TT,1,The city of Nashik is in India.,The city of Astrakhan is in Russia.
The city of Ziyang is in China or the city of Hwaseong-si is in South Korea.,or,TT,1,The city of Ziyang is in China.,The city of Hwaseong-si is in South Korea.
The city of Ma'anshan is in China or the city of Visakhapatnam is in Indonesia.,or,TF,1,The city of Ma'anshan is in China.,The city of Visakhapatnam is in Indonesia.
The city of Aparecida de Goiania is in Brazil and the city of Jiaozhou is in China.,and,TT,1,The city of Aparecida de Goiania is in Brazil.,The city of Jiaozhou is in China.
The city of Bengaluru is in China and the city of Shangluo is in Honduras.,and,FF,0,The city of Bengaluru is in China.,The city of Shangluo is in Honduras.
The city of Leipzig is in Germany or the city of Dnipro is in Russia.,or,TF,1,The city of Leipzig is in Germany.,The city of Dnipro is in Russia.
The city of Paranaque City is in India or the city of Abuja is in China.,or,FF,0,The city of Paranaque City is in India.,The city of Abuja is in China.
The city of Voronezh is in Russia or the city of Chuzhou is in India.,or,TF,1,The city of Voronezh is in Russia.,The city of Chuzhou is in India.
The city of Rourkela is in India or the city of Kuala Lumpur is in Oman.,or,TF,1,The city of Rourkela is in India.,The city of Kuala Lumpur is in Oman.
The city of Semarang is in Saudi Arabia and the city of N'Djamena is in China.,and,FF,0,The city of Semarang is in Saudi Arabia.,The city of N'Djamena is in China.
The city of Goeteborg is in South Korea or the city of Amman is in Malaysia.,or,FF,0,The city of Goeteborg is in South Korea.,The city of Amman is in Malaysia.
The city of Ciudad Nezahualcoyotl is in Senegal and the city of Shaoxing is in China.,and,FT,0,The city of Ciudad Nezahualcoyotl is in Senegal.,The city of Shaoxing is in China.
The city of Sanming is in China and the city of Khulna is in Japan.,and,TF,0,The city of Sanming is in China.,The city of Khulna is in Japan.
The city of Changchun is in China or the city of Abidjan is in China.,or,TF,1,The city of Changchun is in China.,The city of Abidjan is in China.
The city of Nanchang is in Malaysia and the city of Bloemfontein is in China.,and,FF,0,The city of Nanchang is in Malaysia.,The city of Bloemfontein is in China.
The city of Zhumadian is in Brazil and the city of Ulhasnagar is in India.,and,FT,0,The city of Zhumadian is in Brazil.,The city of Ulhasnagar is in India.
The city of Siping is in China and the city of Odesa is in Ukraine.,and,TT,1,The city of Siping is in China.,The city of Odesa is in Ukraine.
The city of Huzhou is in Germany and the city of Hezhou is in India.,and,FF,0,The city of Huzhou is in Germany.,The city of Hezhou is in India.
The city of Nairobi is in Kenya or the city of Gujranwala is in Pakistan.,or,TT,1,The city of Nairobi is in Kenya.,The city of Gujranwala is in Pakistan.
The city of Lilongwe is in Malawi and the city of Foshan is in China.,and,TT,1,The city of Lilongwe is in Malawi.,The city of Foshan is in China.
The city of Kermanshah is in Iran and the city of Ansan-si is in Canada.,and,TF,0,The city of Kermanshah is in Iran.,The city of Ansan-si is in Canada.
The city of Nagpur is in India and the city of Rizhao is in China.,and,TT,1,The city of Nagpur is in India.,The city of Rizhao is in China.
The city of Lyon is in France and the city of Wanning is in China.,and,TT,1,The city of Lyon is in France.,The city of Wanning is in China.
The city of Jiangyin is in Bulgaria or the city of Brasilia is in South Korea.,or,FF,0,The city of Jiangyin is in Bulgaria.,The city of Brasilia is in South Korea.
The city of Gold Coast is in China or the city of Fes is in Mali.,or,FF,0,The city of Gold Coast is in China.,The city of Fes is in Mali.
The city of South Tangerang is in India and the city of Seoul is in South Korea.,and,FT,0,The city of South Tangerang is in India.,The city of Seoul is in South Korea.
The city of Quzhou is in China and the city of Feira de Santana is in China.,and,TF,0,The city of Quzhou is in China.,The city of Feira de Santana is in China.
The city of Yunfu is in China and the city of Anyang is in Kuwait.,and,TF,0,The city of Yunfu is in China.,The city of Anyang is in Kuwait.
The city of Douala is in Cameroon and the city of Saratov is in Indonesia.,and,TF,0,The city of Douala is in Cameroon.,The city of Saratov is in Indonesia.
The city of Jingmen is in China or the city of Baku is in Azerbaijan.,or,TT,1,The city of Jingmen is in China.,The city of Baku is in Azerbaijan.
The city of Khabarovsk is in Russia and the city of Oyo is in China.,and,TF,0,The city of Khabarovsk is in Russia.,The city of Oyo is in China.
The city of Quetta is in Pakistan or the city of Kirkuk is in Iraq.,or,TT,1,The city of Quetta is in Pakistan.,The city of Kirkuk is in Iraq.
The city of Banjarmasin is in Indonesia and the city of Tonghua is in Venezuela.,and,TF,0,The city of Banjarmasin is in Indonesia.,The city of Tonghua is in Venezuela.
The city of Changchun is in China or the city of Fort Worth is in the United States.,or,TT,1,The city of Changchun is in China.,The city of Fort Worth is in the United States.
The city of Kathmandu is in China or the city of Ebute Ikorodu is in Nigeria.,or,FT,1,The city of Kathmandu is in China.,The city of Ebute Ikorodu is in Nigeria.
The city of Putian is in China and the city of Durban is in Ukraine.,and,TF,0,The city of Putian is in China.,The city of Durban is in Ukraine.
The city of Guarulhos is in China or the city of Vijayawada is in India.,or,FT,1,The city of Guarulhos is in China.,The city of Vijayawada is in India.
The city of Lyon is in France or the city of Kigali is in Indonesia.,or,TF,1,The city of Lyon is in France.,The city of Kigali is in Indonesia.
The city of Dushanbe is in Nigeria or the city of Muzaffarabad is in China.,or,FF,0,The city of Dushanbe is in Nigeria.,The city of Muzaffarabad is in China.
The city of Campos dos Goytacazes is in Brazil and the city of Lipetsk is in Russia.,and,TT,1,The city of Campos dos Goytacazes is in Brazil.,The city of Lipetsk is in Russia.
The city of Sambhaji Nagar is in China or the city of Nanchong is in China.,or,FT,1,The city of Sambhaji Nagar is in China.,The city of Nanchong is in China.
The city of Ashgabat is in Bangladesh and the city of Soweto is in South Africa.,and,FT,0,The city of Ashgabat is in Bangladesh.,The city of Soweto is in South Africa.
The city of Hamadan is in Iran and the city of Kharkiv is in Moldova.,and,TF,0,The city of Hamadan is in Iran.,The city of Kharkiv is in Moldova.
The city of Kota Kinabalu is in Malaysia or the city of Nyala is in Sudan.,or,TT,1,The city of Kota Kinabalu is in Malaysia.,The city of Nyala is in Sudan.
The city of Batam is in Turkey and the city of Isfahan is in China.,and,FF,0,The city of Batam is in Turkey.,The city of Isfahan is in China.
The city of Jaipur is in China and the city of Petaling Jaya is in Bosnia and Herzegovina.,and,FF,0,The city of Jaipur is in China.,The city of Petaling Jaya is in Bosnia and Herzegovina.
The city of Quito is in Ecuador or the city of Meknes is in Morocco.,or,TT,1,The city of Quito is in Ecuador.,The city of Meknes is in Morocco.
The city of Sanaa is in China or the city of Huaibei is in China.,or,FT,1,The city of Sanaa is in China.,The city of Huaibei is in China.
The city of Chisinau is in Moldova or the city of Siping is in Iraq.,or,TF,1,The city of Chisinau is in Moldova.,The city of Siping is in Iraq.
The city of Tonghua is in Venezuela or the city of Jamshedpur is in India.,or,FT,1,The city of Tonghua is in Venezuela.,The city of Jamshedpur is in India.
The city of Tlaquepaque is in Mexico or the city of Urumqi is in China.,or,TT,1,The city of Tlaquepaque is in Mexico.,The city of Urumqi is in China.
The city of Detroit is in the United States or the city of Kimhae is in South Korea.,or,TT,1,The city of Detroit is in the United States.,The city of Kimhae is in South Korea.
The city of Beijing is in China or the city of Kagoshima is in India.,or,TF,1,The city of Beijing is in China.,The city of Kagoshima is in India.
The city of Kanayannur is in Saudi Arabia or the city of Quzhou is in Vietnam.,or,FF,0,The city of Kanayannur is in Saudi Arabia.,The city of Quzhou is in Vietnam.
The city of Seattle is in the United States or the city of Rourkela is in Brazil.,or,TF,1,The city of Seattle is in the United States.,The city of Rourkela is in Brazil.
The city of Belo Horizonte is in Brazil or the city of Zaporizhzhya is in Ukraine.,or,TT,1,The city of Belo Horizonte is in Brazil.,The city of Zaporizhzhya is in Ukraine.
The city of Kallakurichi is in Iraq and the city of Suizhou is in Japan.,and,FF,0,The city of Kallakurichi is in Iraq.,The city of Suizhou is in Japan.
The city of Kolhapur is in India and the city of Leipzig is in Russia.,and,TF,0,The city of Kolhapur is in India.,The city of Leipzig is in Russia.
The city of Bareilly is in India and the city of Laibin is in Ethiopia.,and,TF,0,The city of Bareilly is in India.,The city of Laibin is in Ethiopia.
The city of Ciudad Juarez is in Mexico and the city of Jieyang is in China.,and,TT,1,The city of Ciudad Juarez is in Mexico.,The city of Jieyang is in China.
The city of New Kingston is in South Africa and the city of Qinhuangdao is in Eritrea.,and,FF,0,The city of New Kingston is in South Africa.,The city of Qinhuangdao is in Eritrea.
The city of Antananarivo is in Madagascar or the city of Lviv is in Ukraine.,or,TT,1,The city of Antananarivo is in Madagascar.,The city of Lviv is in Ukraine.
The city of Jingmen is in Japan and the city of Kumasi is in India.,and,FF,0,The city of Jingmen is in Japan.,The city of Kumasi is in India.
The city of Nanjing is in China and the city of Zarqa is in India.,and,TF,0,The city of Nanjing is in China.,The city of Zarqa is in India.
The city of Kanayannur is in India and the city of Matsuyama is in Japan.,and,TT,1,The city of Kanayannur is in India.,The city of Matsuyama is in Japan.
The city of Kalyan is in India or the city of Hebi is in Nigeria.,or,TF,1,The city of Kalyan is in India.,The city of Hebi is in Nigeria.
The city of Marseille is in Russia and the city of Karbala is in Iraq.,and,FT,0,The city of Marseille is in Russia.,The city of Karbala is in Iraq.
The city of Lusaka is in Poland and the city of Culiacan is in China.,and,FF,0,The city of Lusaka is in Poland.,The city of Culiacan is in China.
The city of Anyang-si is in South Korea or the city of Jiamusi is in Germany.,or,TF,1,The city of Anyang-si is in South Korea.,The city of Jiamusi is in Germany.
The city of Shenzhen is in China and the city of Bamako is in India.,and,TF,0,The city of Shenzhen is in China.,The city of Bamako is in India.
The city of Haiphong is in Vietnam and the city of Abu Ghurayb is in Iraq.,and,TT,1,The city of Haiphong is in Vietnam.,The city of Abu Ghurayb is in Iraq.
The city of Namangan is in India or the city of Narela is in India.,or,FT,1,The city of Namangan is in India.,The city of Narela is in India.
The city of Kagoshima is in Japan and the city of Madinat an Nasr is in India.,and,TF,0,The city of Kagoshima is in Japan.,The city of Madinat an Nasr is in India.
The city of Harare is in Zimbabwe or the city of Lome is in Togo.,or,TT,1,The city of Harare is in Zimbabwe.,The city of Lome is in Togo.
The city of Kota Kinabalu is in the United States or the city of Enugu is in South Korea.,or,FF,0,The city of Kota Kinabalu is in the United States.,The city of Enugu is in South Korea.
The city of Quito is in China or the city of Solapur is in the United States.,or,FF,0,The city of Quito is in China.,The city of Solapur is in the United States.
The city of Yongzhou is in China or the city of Najafgarh is in Brazil.,or,TF,1,The city of Yongzhou is in China.,The city of Najafgarh is in Brazil.
The city of Fort Worth is in the United States and the city of Rizhao is in Iraq.,and,TF,0,The city of Fort Worth is in the United States.,The city of Rizhao is in Iraq.
The city of Niigata is in Japan and the city of Kyoto is in China.,and,TF,0,The city of Niigata is in Japan.,The city of Kyoto is in China.
The city of Zaozhuang is in China and the city of Paranaque City is in India.,and,TF,0,The city of Zaozhuang is in China.,The city of Paranaque City is in India.
The city of Jaboatao dos Guararapes is in Myanmar and the city of Zhaoqing is in Brazil.,and,FF,0,The city of Jaboatao dos Guararapes is in Myanmar.,The city of Zhaoqing is in Brazil.
The city of Rizhao is in Iraq or the city of Dhanbad is in Kenya.,or,FF,0,The city of Rizhao is in Iraq.,The city of Dhanbad is in Kenya.
The city of Qionghai is in China or the city of Lu'an is in Turkey.,or,TF,1,The city of Qionghai is in China.,The city of Lu'an is in Turkey.
The city of Bengaluru is in China or the city of Faisalabad is in India.,or,FF,0,The city of Bengaluru is in China.,The city of Faisalabad is in India.
The city of Tangier is in Morocco and the city of Multan is in Pakistan.,and,TT,1,The city of Tangier is in Morocco.,The city of Multan is in Pakistan.
The city of Neijiang is in China or the city of Kawaguchi is in Japan.,or,TT,1,The city of Neijiang is in China.,The city of Kawaguchi is in Japan.
The city of Bobo-Dioulasso is in Burkina Faso and the city of Tangerang is in Indonesia.,and,TT,1,The city of Bobo-Dioulasso is in Burkina Faso.,The city of Tangerang is in Indonesia.
The city of Kisangani is in China or the city of Oslo is in Norway.,or,FT,1,The city of Kisangani is in China.,The city of Oslo is in Norway.
The city of Lahore is in Pakistan or the city of Jeddah is in Saudi Arabia.,or,TT,1,The city of Lahore is in Pakistan.,The city of Jeddah is in Saudi Arabia.
The city of Rourkela is in Brazil or the city of Rostov-na-Donu is in the United Arab Emirates.,or,FF,0,The city of Rourkela is in Brazil.,The city of Rostov-na-Donu is in the United Arab Emirates.
The city of Shantou is in Pakistan and the city of Tianjin is in China.,and,FT,0,The city of Shantou is in Pakistan.,The city of Tianjin is in China.
The city of Liuzhou is in Russia and the city of Cuiaba is in Latvia.,and,FF,0,The city of Liuzhou is in Russia.,The city of Cuiaba is in Latvia.
The city of Krasnodar is in Russia and the city of Chaozhou is in China.,and,TT,1,The city of Krasnodar is in Russia.,The city of Chaozhou is in China.
The city of Sokoto is in Nigeria and the city of Tolyatti is in Ghana.,and,TF,0,The city of Sokoto is in Nigeria.,The city of Tolyatti is in Ghana.
The city of Heze is in Yemen and the city of Hamadan is in Pakistan.,and,FF,0,The city of Heze is in Yemen.,The city of Hamadan is in Pakistan.
The city of Navi Mumbai is in China and the city of Makati City is in the Philippines.,and,FT,0,The city of Navi Mumbai is in China.,The city of Makati City is in the Philippines.
The city of Makhachkala is in Indonesia and the city of South Tangerang is in Indonesia.,and,FT,0,The city of Makhachkala is in Indonesia.,The city of South Tangerang is in Indonesia.
The city of Caracas is in Sudan and the city of Bhopal is in Russia.,and,FF,0,The city of Caracas is in Sudan.,The city of Bhopal is in Russia.
The city of Uberlandia is in India and the city of Malang is in Morocco.,and,FF,0,The city of Uberlandia is in India.,The city of Malang is in Morocco.
The city of Mosul is in China or the city of Sendai is in Japan.,or,FT,1,The city of Mosul is in China.,The city of Sendai is in Japan.
The city of Guwahati is in China or the city of Zhabei is in China.,or,FT,1,The city of Guwahati is in China.,The city of Zhabei is in China.
The city of Muzaffarabad is in China and the city of Meknes is in Morocco.,and,FT,0,The city of Muzaffarabad is in China.,The city of Meknes is in Morocco.
The city of Asyut is in Egypt or the city of Kota Kinabalu is in Malaysia.,or,TT,1,The city of Asyut is in Egypt.,The city of Kota Kinabalu is in Malaysia.
The city of Ajmer is in India or the city of Nanded is in China.,or,TF,1,The city of Ajmer is in India.,The city of Nanded is in China.
The city of Ar Raqqah is in Iraq and the city of Guangyuan is in Mexico.,and,FF,0,The city of Ar Raqqah is in Iraq.,The city of Guangyuan is in Mexico.
The city of Bilimora is in Uzbekistan and the city of Niamey is in China.,and,FF,0,The city of Bilimora is in Uzbekistan.,The city of Niamey is in China.
The city of Faisalabad is in India or the city of Kozhikode is in the United States.,or,FF,0,The city of Faisalabad is in India.,The city of Kozhikode is in the United States.
The city of Yangquan is in Hungary or the city of Changde is in China.,or,FT,1,The city of Yangquan is in Hungary.,The city of Changde is in China.
The city of Hegang is in China and the city of Matsuyama is in Japan.,and,TT,1,The city of Hegang is in China.,The city of Matsuyama is in Japan.
The city of Tehran is in Iran or the city of Huaibei is in China.,or,TT,1,The city of Tehran is in Iran.,The city of Huaibei is in China.
The city of Bloemfontein is in China and the city of Kaifeng is in China.,and,FT,0,The city of Bloemfontein is in China.,The city of Kaifeng is in China.
The city of Curitiba is in India or the city of Kaduna is in Turkey.,or,FF,0,The city of Curitiba is in India.,The city of Kaduna is in Turkey.
The city of Abidjan is in China and the city of Huangshi is in India.,and,FF,0,The city of Abidjan is in China.,The city of Huangshi is in India.
The city of Tangshan is in China or the city of Chongqing is in China.,or,TT,1,The city of Tangshan is in China.,The city of Chongqing is in China.
The city of Batam is in Indonesia and the city of Dortmund is in Germany.,and,TT,1,The city of Batam is in Indonesia.,The city of Dortmund is in Germany.
The city of Guayaquil is in China and the city of Changwon is in Indonesia.,and,FF,0,The city of Guayaquil is in China.,The city of Changwon is in Indonesia.
The city of Haiphong is in Vietnam and the city of Bouake is in Côte d'Ivoire.,and,TT,1,The city of Haiphong is in Vietnam.,The city of Bouake is in Côte d'Ivoire.
The city of Sao Bernardo do Campo is in Brazil or the city of Maracay is in Venezuela.,or,TT,1,The city of Sao Bernardo do Campo is in Brazil.,The city of Maracay is in Venezuela.
The city of Urumqi is in Vietnam and the city of Shymkent is in Kazakhstan.,and,FT,0,The city of Urumqi is in Vietnam.,The city of Shymkent is in Kazakhstan.
The city of Johor Bahru is in Malaysia or the city of Siping is in China.,or,TT,1,The city of Johor Bahru is in Malaysia.,The city of Siping is in China.
"The city of Novosibirsk is in Russia and the city of Mianzhu, Deyang, Sichuan is in China.",and,TT,1,The city of Novosibirsk is in Russia.,"The city of Mianzhu, Deyang, Sichuan is in China."
The city of Al Mahallah al Kubra is in Egypt and the city of Nowrangapur is in India.,and,TT,1,The city of Al Mahallah al Kubra is in Egypt.,The city of Nowrangapur is in India.
The city of Ar Raqqah is in Iraq and the city of Pikine is in Senegal.,and,FT,0,The city of Ar Raqqah is in Iraq.,The city of Pikine is in Senegal.
The city of Marrakesh is in Malaysia or the city of Boumerdes is in Iran.,or,FF,0,The city of Marrakesh is in Malaysia.,The city of Boumerdes is in Iran.
The city of Juiz de Fora is in India and the city of Wuzhou is in Syria.,and,FF,0,The city of Juiz de Fora is in India.,The city of Wuzhou is in Syria.
The city of Maturin is in Venezuela and the city of Karachi is in India.,and,TF,0,The city of Maturin is in Venezuela.,The city of Karachi is in India.
The city of Esenler is in India or the city of Jiangyin is in Bulgaria.,or,FF,0,The city of Esenler is in India.,The city of Jiangyin is in Bulgaria.
The city of Nay Pyi Taw is in Mozambique and the city of Semarang is in Saudi Arabia.,and,FF,0,The city of Nay Pyi Taw is in Mozambique.,The city of Semarang is in Saudi Arabia.
The city of Neijiang is in Ghana or the city of Putian is in Vietnam.,or,FF,0,The city of Neijiang is in Ghana.,The city of Putian is in Vietnam.
The city of Tanggu is in China or the city of Multan is in Ecuador.,or,TF,1,The city of Tanggu is in China.,The city of Multan is in Ecuador.
The city of Dakar is in India and the city of Meerut is in India.,and,FT,0,The city of Dakar is in India.,The city of Meerut is in India.
The city of Bloemfontein is in South Africa and the city of Brazzaville is in Nigeria.,and,TF,0,The city of Bloemfontein is in South Africa.,The city of Brazzaville is in Nigeria.
The city of Hamadan is in Iran or the city of Al Ain City is in India.,or,TF,1,The city of Hamadan is in Iran.,The city of Al Ain City is in India.
The city of Karaj is in India or the city of Soweto is in South Africa.,or,FT,1,The city of Karaj is in India.,The city of Soweto is in South Africa.
The city of Kharkiv is in Moldova and the city of Milwaukee is in China.,and,FF,0,The city of Kharkiv is in Moldova.,The city of Milwaukee is in China.
The city of Anyang is in China or the city of Beira is in Mozambique.,or,TT,1,The city of Anyang is in China.,The city of Beira is in Mozambique.
The city of Antwerpen is in Japan or the city of Moradabad is in India.,or,FT,1,The city of Antwerpen is in Japan.,The city of Moradabad is in India.
The city of Al Ain City is in India and the city of Boumerdes is in Algeria.,and,FT,0,The city of Al Ain City is in India.,The city of Boumerdes is in Algeria.
The city of Bulawayo is in China and the city of Bucaramanga is in Brazil.,and,FF,0,The city of Bulawayo is in China.,The city of Bucaramanga is in Brazil.
